frequency [Hz],synthHD Pro power [dBm],det power [dBm]
10000000000.0,-30.0,-27.015992
10000000000.0,-29.3,-26.503712
10000000000.0,-28.6,-25.985955999999998
10000000000.0,-27.9,-25.474349999999998
10000000000.0,-27.2,-24.94479
10000000000.0,-26.5,-24.289911999999998
10000000000.0,-25.8,-23.649694
10000000000.0,-25.1,-23.057665999999998
10000000000.0,-24.4,-22.520272
10000000000.0,-23.7,-21.895526
10000000000.0,-23.0,-21.23077
10000000000.0,-22.3,-20.645799999999998
10000000000.0,-21.6,-20.045455999999998
10000000000.0,-20.9,-19.431488
10000000000.0,-20.200000000000003,-18.768672
10000000000.0,-19.5,-18.064224
10000000000.0,-18.8,-17.346365999999996
10000000000.0,-18.1,-16.63687
10000000000.0,-17.4,-15.970648
10000000000.0,-16.700000000000003,-15.311162000000001
10000000000.0,-16.0,-14.645750000000001
10000000000.0,-15.3,-13.969894
10000000000.0,-14.600000000000001,-13.281208000000001
10000000000.0,-13.900000000000002,-12.589364
10000000000.0,-13.200000000000003,-11.892914000000001
10000000000.0,-12.5,-11.182590000000001
10000000000.0,-11.8,-10.468896
10000000000.0,-11.100000000000001,-9.7561718
10000000000.0,-10.400000000000002,-9.063081399999998
10000000000.0,-9.700000000000003,-8.367007000000001
10000000000.0,-9.0,-7.6732378
10000000000.0,-8.3,-6.9683278
10000000000.0,-7.600000000000001,-6.2432418
10000000000.0,-6.900000000000002,-5.5198836
10000000000.0,-6.200000000000003,-4.8008708
10000000000.0,-5.5,-4.098002200000001
10000000000.0,-4.800000000000001,-3.3989081999999997
10000000000.0,-4.100000000000001,-2.7064124
10000000000.0,-3.400000000000002,-2.0188417999999997
10000000000.0,-2.700000000000003,-1.3168478
10000000000.0,-2.0,-0.61420152
10000000000.0,-1.3000000000000007,0.089418624
10000000000.0,-0.6000000000000014,0.7947064399999999
10000000000.0,0.09999999999999787,1.4882518
10000000000.0,0.7999999999999972,2.1658432
10000000000.0,1.4999999999999964,2.8169741999999998
10000000000.0,2.1999999999999957,3.4787666
10000000000.0,2.8999999999999986,4.1479782
10000000000.0,3.5999999999999943,4.8137822
10000000000.0,4.299999999999997,5.449086599999999
10000000000.0,5.0,6.045952
10195000000.0,-30.0,-27.245456
10195000000.0,-29.3,-26.743596000000004
10195000000.0,-28.6,-26.2368
10195000000.0,-27.9,-25.740186
10195000000.0,-27.2,-25.226356000000003
10195000000.0,-26.5,-24.579582
10195000000.0,-25.8,-23.954584000000004
10195000000.0,-25.1,-23.376182
10195000000.0,-24.4,-22.83903
10195000000.0,-23.7,-22.227668
10195000000.0,-23.0,-21.573742000000003
10195000000.0,-22.3,-20.985512
10195000000.0,-21.6,-20.37878
10195000000.0,-20.9,-19.762652000000003
10195000000.0,-20.200000000000003,-19.09468
10195000000.0,-19.5,-18.389035999999997
10195000000.0,-18.8,-17.669714000000003
10195000000.0,-18.1,-16.953412
10195000000.0,-17.4,-16.275923999999996
10195000000.0,-16.700000000000003,-15.614398
10195000000.0,-16.0,-14.945184000000001
10195000000.0,-15.3,-14.2638
10195000000.0,-14.600000000000001,-13.578064000000001
10195000000.0,-13.900000000000002,-12.882579999999999
10195000000.0,-13.200000000000003,-12.178024
10195000000.0,-12.5,-11.462624000000002
10195000000.0,-11.8,-10.749970000000001
10195000000.0,-11.100000000000001,-10.023921999999999
10195000000.0,-10.400000000000002,-9.3395536
10195000000.0,-9.700000000000003,-8.6423752
10195000000.0,-9.0,-7.9521648
10195000000.0,-8.3,-7.244148
10195000000.0,-7.600000000000001,-6.515755999999999
10195000000.0,-6.900000000000002,-5.7870624
10195000000.0,-6.200000000000003,-5.063438
10195000000.0,-5.5,-4.3589658
10195000000.0,-4.800000000000001,-3.6588132
10195000000.0,-4.100000000000001,-2.9605178
10195000000.0,-3.400000000000002,-2.2751951999999998
10195000000.0,-2.700000000000003,-1.5751908000000001
10195000000.0,-2.0,-0.8750286599999999
10195000000.0,-1.3000000000000007,-0.17263648
10195000000.0,-0.6000000000000014,0.5429313
10195000000.0,0.09999999999999787,1.2443784
10195000000.0,0.7999999999999972,1.9260901999999998
10195000000.0,1.4999999999999964,2.5878094000000003
10195000000.0,2.1999999999999957,3.2550368
10195000000.0,2.8999999999999986,3.932991200000001
10195000000.0,3.5999999999999943,4.6213336
10195000000.0,4.299999999999997,5.2785836
10195000000.0,5.0,5.894774799999999
10390000000.0,-30.0,-26.853528
10390000000.0,-29.3,-26.357423999999998
10390000000.0,-28.6,-25.855039999999995
10390000000.0,-27.9,-25.369618
10390000000.0,-27.2,-24.86837
10390000000.0,-26.5,-24.225646000000005
10390000000.0,-25.8,-23.614286
10390000000.0,-25.1,-23.046796
10390000000.0,-24.4,-22.508702
10390000000.0,-23.7,-21.905552
10390000000.0,-23.0,-21.26525
10390000000.0,-22.3,-20.672896
10390000000.0,-21.6,-20.064758
10390000000.0,-20.9,-19.438541999999998
10390000000.0,-20.200000000000003,-18.768546000000004
10390000000.0,-19.5,-18.064193999999997
10390000000.0,-18.8,-17.342328
10390000000.0,-18.1,-16.622854
10390000000.0,-17.4,-15.942362
10390000000.0,-16.700000000000003,-15.279402
10390000000.0,-16.0,-14.604889999999997
10390000000.0,-15.3,-13.923150000000001
10390000000.0,-14.600000000000001,-13.229656
10390000000.0,-13.900000000000002,-12.528208000000001
10390000000.0,-13.200000000000003,-11.816998000000002
10390000000.0,-12.5,-11.098524
10390000000.0,-11.8,-10.3753
10390000000.0,-11.100000000000001,-9.6510544
10390000000.0,-10.400000000000002,-8.9633434
10390000000.0,-9.700000000000003,-8.273458999999999
10390000000.0,-9.0,-7.5870064
10390000000.0,-8.3,-6.881270600000001
10390000000.0,-7.600000000000001,-6.1455596
10390000000.0,-6.900000000000002,-5.407640000000001
10390000000.0,-6.200000000000003,-4.680231600000001
10390000000.0,-5.5,-3.9757092
10390000000.0,-4.800000000000001,-3.275052
10390000000.0,-4.100000000000001,-2.5838566
10390000000.0,-3.400000000000002,-1.8959388000000001
10390000000.0,-2.700000000000003,-1.2018304
10390000000.0,-2.0,-0.50720236
10390000000.0,-1.3000000000000007,0.1881106
10390000000.0,-0.6000000000000014,0.90455012
10390000000.0,0.09999999999999787,1.6020796000000002
10390000000.0,0.7999999999999972,2.2818386
10390000000.0,1.4999999999999964,2.9430056
10390000000.0,2.1999999999999957,3.600023
10390000000.0,2.8999999999999986,4.2714694
10390000000.0,3.5999999999999943,4.9657456
10390000000.0,4.299999999999997,5.6199502
10390000000.0,5.0,6.2330106
10585000000.0,-30.0,-26.466852
10585000000.0,-29.3,-25.981782
10585000000.0,-28.6,-25.500532
10585000000.0,-27.9,-25.036992000000005
10585000000.0,-27.2,-24.558073999999998
10585000000.0,-26.5,-23.930039999999998
10585000000.0,-25.8,-23.339908
10585000000.0,-25.1,-22.79169
10585000000.0,-24.4,-22.259222
10585000000.0,-23.7,-21.66951
10585000000.0,-23.0,-21.045532
10585000000.0,-22.3,-20.453786
10585000000.0,-21.6,-19.842694
10585000000.0,-20.9,-19.211892
10585000000.0,-20.200000000000003,-18.540176
10585000000.0,-19.5,-17.837092
10585000000.0,-18.8,-17.116251999999996
10585000000.0,-18.1,-16.391512
10585000000.0,-17.4,-15.703752
10585000000.0,-16.700000000000003,-15.039058
10585000000.0,-16.0,-14.363668
10585000000.0,-15.3,-13.678588000000001
10585000000.0,-14.600000000000001,-12.982208
10585000000.0,-13.900000000000002,-12.275941999999999
10585000000.0,-13.200000000000003,-11.563052
10585000000.0,-12.5,-10.839587999999997
10585000000.0,-11.8,-10.114564
10585000000.0,-11.100000000000001,-9.3787576
10585000000.0,-10.400000000000002,-8.699242000000002
10585000000.0,-9.700000000000003,-8.016699999999998
10585000000.0,-9.0,-7.333175799999999
10585000000.0,-8.3,-6.6268270000000005
10585000000.0,-7.600000000000001,-5.886885599999999
10585000000.0,-6.900000000000002,-5.1494374
10585000000.0,-6.200000000000003,-4.415780799999999
10585000000.0,-5.5,-3.710393
10585000000.0,-4.800000000000001,-3.0105546
10585000000.0,-4.100000000000001,-2.3231960000000003
10585000000.0,-3.400000000000002,-1.6380029999999999
10585000000.0,-2.700000000000003,-0.95043602
10585000000.0,-2.0,-0.26593136
10585000000.0,-1.3000000000000007,0.42528074
10585000000.0,-0.6000000000000014,1.1422554000000003
10585000000.0,0.09999999999999787,1.8396529999999998
10585000000.0,0.7999999999999972,2.5138602
10585000000.0,1.4999999999999964,3.167626
10585000000.0,2.1999999999999957,3.811999
10585000000.0,2.8999999999999986,4.4818154
10585000000.0,3.5999999999999943,5.1776789999999995
10585000000.0,4.299999999999997,5.8285800000000005
10585000000.0,5.0,6.4382852
10780000000.0,-30.0,-27.100441999999997
10780000000.0,-29.3,-26.57882
10780000000.0,-28.6,-26.071232
10780000000.0,-27.9,-25.590148000000003
10780000000.0,-27.2,-25.093722000000003
10780000000.0,-26.5,-24.436648
10780000000.0,-25.8,-23.827718
10780000000.0,-25.1,-23.264204
10780000000.0,-24.4,-22.708564000000003
10780000000.0,-23.7,-22.105705999999998
10780000000.0,-23.0,-21.472956
10780000000.0,-22.3,-20.858608
10780000000.0,-21.6,-20.224156
10780000000.0,-20.9,-19.574248000000004
10780000000.0,-20.200000000000003,-18.887455999999997
10780000000.0,-19.5,-18.17351
10780000000.0,-18.8,-17.440182
10780000000.0,-18.1,-16.702778000000002
10780000000.0,-17.4,-16.003072
10780000000.0,-16.700000000000003,-15.33407
10780000000.0,-16.0,-14.647512
10780000000.0,-15.3,-13.960252
10780000000.0,-14.600000000000001,-13.262096
10780000000.0,-13.900000000000002,-12.551272
10780000000.0,-13.200000000000003,-11.830459999999999
10780000000.0,-12.5,-11.103995999999999
10780000000.0,-11.8,-10.374078
10780000000.0,-11.100000000000001,-9.636948999999998
10780000000.0,-10.400000000000002,-8.9597092
10780000000.0,-9.700000000000003,-8.2795186
10780000000.0,-9.0,-7.6037334
10780000000.0,-8.3,-6.9026286
10780000000.0,-7.600000000000001,-6.15243
10780000000.0,-6.900000000000002,-5.4128724
10780000000.0,-6.200000000000003,-4.6773522000000005
10780000000.0,-5.5,-3.9714508000000004
10780000000.0,-4.800000000000001,-3.2771679999999996
10780000000.0,-4.100000000000001,-2.58291
10780000000.0,-3.400000000000002,-1.8979122
10780000000.0,-2.700000000000003,-1.211536
10780000000.0,-2.0,-0.53373466
10780000000.0,-1.3000000000000007,0.16010736
10780000000.0,-0.6000000000000014,0.88274346
10780000000.0,0.09999999999999787,1.582202
10780000000.0,0.7999999999999972,2.2651842
10780000000.0,1.4999999999999964,2.9257558
10780000000.0,2.1999999999999957,3.5750585999999998
10780000000.0,2.8999999999999986,4.2602058
10780000000.0,3.5999999999999943,4.9784508
10780000000.0,4.299999999999997,5.6543192
10780000000.0,5.0,6.2884876
10975000000.0,-30.0,-27.121912
10975000000.0,-29.3,-26.597998
10975000000.0,-28.6,-26.081588
10975000000.0,-27.9,-25.59691
10975000000.0,-27.2,-25.096998
10975000000.0,-26.5,-24.428942
10975000000.0,-25.8,-23.822986
10975000000.0,-25.1,-23.262296000000003
10975000000.0,-24.4,-22.702154
10975000000.0,-23.7,-22.101122
10975000000.0,-23.0,-21.474376
10975000000.0,-22.3,-20.855874
10975000000.0,-21.6,-20.218363999999998
10975000000.0,-20.9,-19.559798
10975000000.0,-20.200000000000003,-18.872308
10975000000.0,-19.5,-18.158248
10975000000.0,-18.8,-17.426314
10975000000.0,-18.1,-16.682118
10975000000.0,-17.4,-15.974564
10975000000.0,-16.700000000000003,-15.299904000000002
10975000000.0,-16.0,-14.613664
10975000000.0,-15.3,-13.922706
10975000000.0,-14.600000000000001,-13.218034
10975000000.0,-13.900000000000002,-12.504105999999998
10975000000.0,-13.200000000000003,-11.775426
10975000000.0,-12.5,-11.043353999999999
10975000000.0,-11.8,-10.302491999999999
10975000000.0,-11.100000000000001,-9.5552798
10975000000.0,-10.400000000000002,-8.8763112
10975000000.0,-9.700000000000003,-8.1962366
10975000000.0,-9.0,-7.5159412
10975000000.0,-8.3,-6.8087
10975000000.0,-7.600000000000001,-6.045412000000001
10975000000.0,-6.900000000000002,-5.2901668
10975000000.0,-6.200000000000003,-4.5419089999999995
10975000000.0,-5.5,-3.8269094000000003
10975000000.0,-4.800000000000001,-3.1237912
10975000000.0,-4.100000000000001,-2.4200392
10975000000.0,-3.400000000000002,-1.7271785999999998
10975000000.0,-2.700000000000003,-1.0365294
10975000000.0,-2.0,-0.3532489
10975000000.0,-1.3000000000000007,0.34496434
10975000000.0,-0.6000000000000014,1.079195
10975000000.0,0.09999999999999787,1.7940026
10975000000.0,0.7999999999999972,2.4854694000000004
10975000000.0,1.4999999999999964,3.1534992
10975000000.0,2.1999999999999957,3.8051124
10975000000.0,2.8999999999999986,4.4965812
10975000000.0,3.5999999999999943,5.228337999999999
10975000000.0,4.299999999999997,5.912611999999999
10975000000.0,5.0,6.556050000000001
11170000000.0,-30.0,-27.072197999999997
11170000000.0,-29.3,-26.549686
11170000000.0,-28.6,-26.034496
11170000000.0,-27.9,-25.555072
11170000000.0,-27.2,-25.058446
11170000000.0,-26.5,-24.382928
11170000000.0,-25.8,-23.774729999999998
11170000000.0,-25.1,-23.213148
11170000000.0,-24.4,-22.641092
11170000000.0,-23.7,-22.037975999999997
11170000000.0,-23.0,-21.410778
11170000000.0,-22.3,-20.776866
11170000000.0,-21.6,-20.121290000000002
11170000000.0,-20.9,-19.447879999999998
11170000000.0,-20.200000000000003,-18.742916
11170000000.0,-19.5,-18.014236
11170000000.0,-18.8,-17.271904
11170000000.0,-18.1,-16.510204
11170000000.0,-17.4,-15.790582
11170000000.0,-16.700000000000003,-15.105858000000001
11170000000.0,-16.0,-14.410774
11170000000.0,-15.3,-13.703806
11170000000.0,-14.600000000000001,-12.985936
11170000000.0,-13.900000000000002,-12.25969
11170000000.0,-13.200000000000003,-11.519444
11170000000.0,-12.5,-10.772284000000003
11170000000.0,-11.8,-10.018946
11170000000.0,-11.100000000000001,-9.256312600000001
11170000000.0,-10.400000000000002,-8.574120599999999
11170000000.0,-9.700000000000003,-7.8897874
11170000000.0,-9.0,-7.204239599999999
11170000000.0,-8.3,-6.4854804
11170000000.0,-7.600000000000001,-5.7127824
11170000000.0,-6.900000000000002,-4.9392026
11170000000.0,-6.200000000000003,-4.1730374
11170000000.0,-5.5,-3.4529756000000007
11170000000.0,-4.800000000000001,-2.7419399999999996
11170000000.0,-4.100000000000001,-2.0324604
11170000000.0,-3.400000000000002,-1.3280488
11170000000.0,-2.700000000000003,-0.6346400000000001
11170000000.0,-2.0,0.052262041999999995
11170000000.0,-1.3000000000000007,0.7582793600000001
11170000000.0,-0.6000000000000014,1.5000958
11170000000.0,0.09999999999999787,2.219557
11170000000.0,0.7999999999999972,2.9218538
11170000000.0,1.4999999999999964,3.5935030000000006
11170000000.0,2.1999999999999957,4.2444028000000005
11170000000.0,2.8999999999999986,4.9415086
11170000000.0,3.5999999999999943,5.6793274
11170000000.0,4.299999999999997,6.369523
11170000000.0,5.0,7.015392799999999
11365000000.0,-30.0,-27.196116
11365000000.0,-29.3,-26.631094
11365000000.0,-28.6,-26.0798
11365000000.0,-27.9,-25.573714000000002
11365000000.0,-27.2,-25.053464
11365000000.0,-26.5,-24.343768
11365000000.0,-25.8,-23.718218
11365000000.0,-25.1,-23.144808
11365000000.0,-24.4,-22.555108
11365000000.0,-23.7,-21.943584
11365000000.0,-23.0,-21.309958
11365000000.0,-22.3,-20.661822
11365000000.0,-21.6,-19.993376
11365000000.0,-20.9,-19.306788
11365000000.0,-20.200000000000003,-18.593154000000002
11365000000.0,-19.5,-17.865966000000004
11365000000.0,-18.8,-17.116021999999997
11365000000.0,-18.1,-16.349733999999998
11365000000.0,-17.4,-15.621585999999999
11365000000.0,-16.700000000000003,-14.931368
11365000000.0,-16.0,-14.234786
11365000000.0,-15.3,-13.529175999999998
11365000000.0,-14.600000000000001,-12.807242000000002
11365000000.0,-13.900000000000002,-12.075792000000002
11365000000.0,-13.200000000000003,-11.328453999999999
11365000000.0,-12.5,-10.578059999999999
11365000000.0,-11.8,-9.8182648
11365000000.0,-11.100000000000001,-9.049204600000001
11365000000.0,-10.400000000000002,-8.3700564
11365000000.0,-9.700000000000003,-7.687941599999999
11365000000.0,-9.0,-7.002443000000001
11365000000.0,-8.3,-6.2867786
11365000000.0,-7.600000000000001,-5.502076199999999
11365000000.0,-6.900000000000002,-4.7203058
11365000000.0,-6.200000000000003,-3.9491568
11365000000.0,-5.5,-3.2267056
11365000000.0,-4.800000000000001,-2.5078922
11365000000.0,-4.100000000000001,-1.7964742
11365000000.0,-3.400000000000002,-1.094528
11365000000.0,-2.700000000000003,-0.40049022
11365000000.0,-2.0,0.2866816
11365000000.0,-1.3000000000000007,0.9935976199999998
11365000000.0,-0.6000000000000014,1.7410716000000002
11365000000.0,0.09999999999999787,2.4700772
11365000000.0,0.7999999999999972,3.1702216
11365000000.0,1.4999999999999964,3.8457978000000006
11365000000.0,2.1999999999999957,4.4936816
11365000000.0,2.8999999999999986,5.1903518
11365000000.0,3.5999999999999943,5.933103600000001
11365000000.0,4.299999999999997,6.631437
11365000000.0,5.0,7.2746838
11560000000.0,-30.0,-29.967505999999997
11560000000.0,-29.3,-29.388104
11560000000.0,-28.6,-28.768272000000003
11560000000.0,-27.9,-28.117658
11560000000.0,-27.2,-27.480421999999997
11560000000.0,-26.5,-26.781628
11560000000.0,-25.8,-26.074756
11560000000.0,-25.1,-25.395406
11560000000.0,-24.4,-24.709287999999997
11560000000.0,-23.7,-24.008238
11560000000.0,-23.0,-23.332361999999996
11560000000.0,-22.3,-22.604480000000002
11560000000.0,-21.6,-21.849322000000004
11560000000.0,-20.9,-21.069068
11560000000.0,-20.200000000000003,-20.335498
11560000000.0,-19.5,-19.656398
11560000000.0,-18.8,-18.970698
11560000000.0,-18.1,-18.273732
11560000000.0,-17.4,-17.570581999999998
11560000000.0,-16.700000000000003,-16.834146
11560000000.0,-16.0,-16.000672
11560000000.0,-15.3,-15.305484000000002
11560000000.0,-14.600000000000001,-14.592797999999998
11560000000.0,-13.900000000000002,-13.868902
11560000000.0,-13.200000000000003,-13.088551999999998
11560000000.0,-12.5,-12.295684
11560000000.0,-11.8,-11.502798000000002
11560000000.0,-11.100000000000001,-10.789266000000001
11560000000.0,-10.400000000000002,-10.071822000000001
11560000000.0,-9.700000000000003,-9.3456966
11560000000.0,-9.0,-8.6122376
11560000000.0,-8.3,-7.8674214000000005
11560000000.0,-7.600000000000001,-7.115610000000001
11560000000.0,-6.900000000000002,-6.3546776000000005
11560000000.0,-6.200000000000003,-5.5859754
11560000000.0,-5.5,-4.814646400000001
11560000000.0,-4.800000000000001,-4.0870986
11560000000.0,-4.100000000000001,-3.406425
11560000000.0,-3.400000000000002,-2.7191444000000002
11560000000.0,-2.700000000000003,-2.0351202
11560000000.0,-2.0,-1.3091572
11560000000.0,-1.3000000000000007,-0.5690457
11560000000.0,-0.6000000000000014,0.16330408000000002
11560000000.0,0.09999999999999787,0.90825094
11560000000.0,0.7999999999999972,1.6601664
11560000000.0,1.4999999999999964,2.3988152000000005
11560000000.0,2.1999999999999957,3.1189014
11560000000.0,2.8999999999999986,3.8133178
11560000000.0,3.5999999999999943,4.486441
11560000000.0,4.299999999999997,5.1760142
11560000000.0,5.0,6.001732
11755000000.0,-30.0,-28.37745
11755000000.0,-29.3,-27.838556
11755000000.0,-28.6,-27.305258
11755000000.0,-27.9,-26.792498000000002
11755000000.0,-27.2,-26.283792
11755000000.0,-26.5,-25.676408000000002
11755000000.0,-25.8,-25.097426
11755000000.0,-25.1,-24.535701999999997
11755000000.0,-24.4,-23.93504
11755000000.0,-23.7,-23.347286
11755000000.0,-23.0,-22.752188
11755000000.0,-22.3,-22.058806
11755000000.0,-21.6,-21.357918
11755000000.0,-20.9,-20.674149999999997
11755000000.0,-20.200000000000003,-20.006860000000003
11755000000.0,-19.5,-19.3885
11755000000.0,-18.8,-18.722314
11755000000.0,-18.1,-17.984949999999998
11755000000.0,-17.4,-17.360028
11755000000.0,-16.700000000000003,-16.726616
11755000000.0,-16.0,-15.917424
11755000000.0,-15.3,-15.193922
11755000000.0,-14.600000000000001,-14.508024
11755000000.0,-13.900000000000002,-13.804319999999999
11755000000.0,-13.200000000000003,-13.079382
11755000000.0,-12.5,-12.270062
11755000000.0,-11.8,-11.404972
11755000000.0,-11.100000000000001,-10.626978
11755000000.0,-10.400000000000002,-9.9428964
11755000000.0,-9.700000000000003,-9.245558
11755000000.0,-9.0,-8.540163799999998
11755000000.0,-8.3,-7.822606
11755000000.0,-7.600000000000001,-7.094391
11755000000.0,-6.900000000000002,-6.3563038
11755000000.0,-6.200000000000003,-5.6088808000000006
11755000000.0,-5.5,-4.8515880000000005
11755000000.0,-4.800000000000001,-4.0974182
11755000000.0,-4.100000000000001,-3.3596602000000004
11755000000.0,-3.400000000000002,-2.61658
11755000000.0,-2.700000000000003,-1.8725286
11755000000.0,-2.0,-1.1084802
11755000000.0,-1.3000000000000007,-0.33635836
11755000000.0,-0.6000000000000014,0.42714128
11755000000.0,0.09999999999999787,1.181959
11755000000.0,0.7999999999999972,1.9222888
11755000000.0,1.4999999999999964,2.6511564
11755000000.0,2.1999999999999957,3.3615364
11755000000.0,2.8999999999999986,4.0452392
11755000000.0,3.5999999999999943,4.710357999999999
11755000000.0,4.299999999999997,5.3959016
11755000000.0,5.0,6.2320542
11950000000.0,-30.0,-29.314504
11950000000.0,-29.3,-28.817348000000003
11950000000.0,-28.6,-28.316471999999997
11950000000.0,-27.9,-27.775006
11950000000.0,-27.2,-27.195010000000003
11950000000.0,-26.5,-26.612630000000003
11950000000.0,-25.8,-26.060527999999998
11950000000.0,-25.1,-25.427167999999998
11950000000.0,-24.4,-24.783372000000004
11950000000.0,-23.7,-24.154518
11950000000.0,-23.0,-23.463064
11950000000.0,-22.3,-22.773398
11950000000.0,-21.6,-22.094598
11950000000.0,-20.9,-21.42428
11950000000.0,-20.200000000000003,-20.681852
11950000000.0,-19.5,-19.901915999999996
11950000000.0,-18.8,-19.094462
11950000000.0,-18.1,-18.438973999999998
11950000000.0,-17.4,-17.730856000000003
11950000000.0,-16.700000000000003,-17.023965999999998
11950000000.0,-16.0,-16.28892
11950000000.0,-15.3,-15.453756000000002
11950000000.0,-14.600000000000001,-14.785473999999999
11950000000.0,-13.900000000000002,-13.997876
11950000000.0,-13.200000000000003,-13.182156
11950000000.0,-12.5,-12.394435999999999
11950000000.0,-11.8,-11.603862
11950000000.0,-11.100000000000001,-10.824204
11950000000.0,-10.400000000000002,-10.06334
11950000000.0,-9.700000000000003,-9.285272800000001
11950000000.0,-9.0,-8.49504
11950000000.0,-8.3,-7.6880554000000005
11950000000.0,-7.600000000000001,-6.8643608
11950000000.0,-6.900000000000002,-6.0809894
11950000000.0,-6.200000000000003,-5.329844
11950000000.0,-5.5,-4.5690304
11950000000.0,-4.800000000000001,-3.8054484000000004
11950000000.0,-4.100000000000001,-3.039098
11950000000.0,-3.400000000000002,-2.2641859999999996
11950000000.0,-2.700000000000003,-1.5023558
11950000000.0,-2.0,-0.8048748800000001
11950000000.0,-1.3000000000000007,-0.10908907999999999
11950000000.0,-0.6000000000000014,0.58027826
11950000000.0,0.09999999999999787,1.3256982000000002
11950000000.0,0.7999999999999972,2.1066056
11950000000.0,1.4999999999999964,2.8726333999999993
11950000000.0,2.1999999999999957,3.6154033999999995
11950000000.0,2.8999999999999986,4.333112799999999
11950000000.0,3.5999999999999943,5.0220604
11950000000.0,4.299999999999997,5.7878918
11950000000.0,5.0,6.602959200000001
12145000000.0,-30.0,-31.226350000000004
12145000000.0,-29.3,-30.684064
12145000000.0,-28.6,-30.130637999999998
12145000000.0,-27.9,-29.542696
12145000000.0,-27.2,-28.913042
12145000000.0,-26.5,-28.287740000000003
12145000000.0,-25.8,-27.68175
12145000000.0,-25.1,-26.999796000000003
12145000000.0,-24.4,-26.315544
12145000000.0,-23.7,-25.643562000000003
12145000000.0,-23.0,-24.921416
12145000000.0,-22.3,-24.197526
12145000000.0,-21.6,-23.488998
12145000000.0,-20.9,-22.76727
12145000000.0,-20.200000000000003,-21.9561
12145000000.0,-19.5,-21.091592
12145000000.0,-18.8,-20.217854
12145000000.0,-18.1,-19.509898
12145000000.0,-17.4,-18.793277999999997
12145000000.0,-16.700000000000003,-18.027128
12145000000.0,-16.0,-17.247576
12145000000.0,-15.3,-16.406582000000004
12145000000.0,-14.600000000000001,-15.689874
12145000000.0,-13.900000000000002,-14.828032000000002
12145000000.0,-13.200000000000003,-13.965482
12145000000.0,-12.5,-13.165308000000001
12145000000.0,-11.8,-12.408849999999997
12145000000.0,-11.100000000000001,-11.636242
12145000000.0,-10.400000000000002,-10.821273999999999
12145000000.0,-9.700000000000003,-9.958912999999999
12145000000.0,-9.0,-9.1048634
12145000000.0,-8.3,-8.2985248
12145000000.0,-7.600000000000001,-7.479576799999999
12145000000.0,-6.900000000000002,-6.6922008
12145000000.0,-6.200000000000003,-5.9066706
12145000000.0,-5.5,-5.1045804
12145000000.0,-4.800000000000001,-4.318153000000001
12145000000.0,-4.100000000000001,-3.5470168
12145000000.0,-3.400000000000002,-2.7728795999999996
12145000000.0,-2.700000000000003,-2.01355
12145000000.0,-2.0,-1.3121124
12145000000.0,-1.3000000000000007,-0.6126689799999999
12145000000.0,-0.6000000000000014,0.07884776400000001
12145000000.0,0.09999999999999787,0.83864242
12145000000.0,0.7999999999999972,1.6342009999999998
12145000000.0,1.4999999999999964,2.4159256
12145000000.0,2.1999999999999957,3.1715116
12145000000.0,2.8999999999999986,3.9025790000000002
12145000000.0,3.5999999999999943,4.6184532
12145000000.0,4.299999999999997,5.441276799999999
12145000000.0,5.0,6.263244599999999
12340000000.0,-30.0,-32.399874
12340000000.0,-29.3,-31.803093999999998
12340000000.0,-28.6,-31.181133999999997
12340000000.0,-27.9,-30.543246
12340000000.0,-27.2,-29.891066000000002
12340000000.0,-26.5,-29.184374000000002
12340000000.0,-25.8,-28.472788
12340000000.0,-25.1,-27.738916
12340000000.0,-24.4,-26.991321999999997
12340000000.0,-23.7,-26.24132
12340000000.0,-23.0,-25.485956
12340000000.0,-22.3,-24.689866000000002
12340000000.0,-21.6,-23.905241999999998
12340000000.0,-20.9,-23.079838000000002
12340000000.0,-20.200000000000003,-22.17116
12340000000.0,-19.5,-21.249252000000002
12340000000.0,-18.8,-20.3298
12340000000.0,-18.1,-19.485538
12340000000.0,-17.4,-18.799928
12340000000.0,-16.700000000000003,-17.991751999999998
12340000000.0,-16.0,-17.096144
12340000000.0,-15.3,-16.308792
12340000000.0,-14.600000000000001,-15.528085999999998
12340000000.0,-13.900000000000002,-14.619996
12340000000.0,-13.200000000000003,-13.757530000000003
12340000000.0,-12.5,-12.93519
12340000000.0,-11.8,-12.179238
12340000000.0,-11.100000000000001,-11.407872
12340000000.0,-10.400000000000002,-10.566466
12340000000.0,-9.700000000000003,-9.649154200000002
12340000000.0,-9.0,-8.763207399999999
12340000000.0,-8.3,-8.0091238
12340000000.0,-7.600000000000001,-7.2443336
12340000000.0,-6.900000000000002,-6.4835114
12340000000.0,-6.200000000000003,-5.6579964
12340000000.0,-5.5,-4.815871799999999
12340000000.0,-4.800000000000001,-4.0011326
12340000000.0,-4.100000000000001,-3.2383666
12340000000.0,-3.400000000000002,-2.4734140000000004
12340000000.0,-2.700000000000003,-1.7158044000000001
12340000000.0,-2.0,-0.9841860199999999
12340000000.0,-1.3000000000000007,-0.25720976
12340000000.0,-0.6000000000000014,0.46350670000000005
12340000000.0,0.09999999999999787,1.2364068
12340000000.0,0.7999999999999972,2.0165254
12340000000.0,1.4999999999999964,2.7794518
12340000000.0,2.1999999999999957,3.5158576000000004
12340000000.0,2.8999999999999986,4.2279238
12340000000.0,3.5999999999999943,4.9254166
12340000000.0,4.299999999999997,5.748271600000001
12340000000.0,5.0,6.532463
12535000000.0,-30.0,-28.526852
12535000000.0,-29.3,-28.013488000000002
12535000000.0,-28.6,-27.493298
12535000000.0,-27.9,-26.983158000000003
12535000000.0,-27.2,-26.491464
12535000000.0,-26.5,-25.934791999999998
12535000000.0,-25.8,-25.361330000000002
12535000000.0,-25.1,-24.810802000000002
12535000000.0,-24.4,-24.24402
12535000000.0,-23.7,-23.660244
12535000000.0,-23.0,-23.087595999999998
12535000000.0,-22.3,-22.45482
12535000000.0,-21.6,-21.818108000000002
12535000000.0,-20.9,-21.126474
12535000000.0,-20.200000000000003,-20.362764000000002
12535000000.0,-19.5,-19.597214
12535000000.0,-18.8,-18.824019999999997
12535000000.0,-18.1,-18.035788000000004
12535000000.0,-17.4,-17.485092
12535000000.0,-16.700000000000003,-16.769182
12535000000.0,-16.0,-15.926731999999998
12535000000.0,-15.3,-15.270053999999998
12535000000.0,-14.600000000000001,-14.525154
12535000000.0,-13.900000000000002,-13.679839999999999
12535000000.0,-13.200000000000003,-12.888705999999999
12535000000.0,-12.5,-12.112568
12535000000.0,-11.8,-11.41058
12535000000.0,-11.100000000000001,-10.687764
12535000000.0,-10.400000000000002,-9.872808000000001
12535000000.0,-9.700000000000003,-8.964374600000001
12535000000.0,-9.0,-8.092672799999999
12535000000.0,-8.3,-7.3955484
12535000000.0,-7.600000000000001,-6.6888054
12535000000.0,-6.900000000000002,-5.9663004
12535000000.0,-6.200000000000003,-5.129644399999999
12535000000.0,-5.5,-4.2772896
12535000000.0,-4.800000000000001,-3.4559342
12535000000.0,-4.100000000000001,-2.695886
12535000000.0,-3.400000000000002,-1.9325378
12535000000.0,-2.700000000000003,-1.1759606
12535000000.0,-2.0,-0.42719155999999997
12535000000.0,-1.3000000000000007,0.32430546
12535000000.0,-0.6000000000000014,1.067377
12535000000.0,0.09999999999999787,1.8508692
12535000000.0,0.7999999999999972,2.6199852
12535000000.0,1.4999999999999964,3.3701548000000003
12535000000.0,2.1999999999999957,4.0896086
12535000000.0,2.8999999999999986,4.7845256
12535000000.0,3.5999999999999943,5.482062
12535000000.0,4.299999999999997,6.2885222
12535000000.0,5.0,7.0443624
12730000000.0,-30.0,-29.271372000000003
12730000000.0,-29.3,-28.761448
12730000000.0,-28.6,-28.253522000000004
12730000000.0,-27.9,-27.703154
12730000000.0,-27.2,-27.169952000000002
12730000000.0,-26.5,-26.611438
12730000000.0,-25.8,-26.048678000000002
12730000000.0,-25.1,-25.490587999999995
12730000000.0,-24.4,-24.932756
12730000000.0,-23.7,-24.364038
12730000000.0,-23.0,-23.739978
12730000000.0,-22.3,-23.091358
12730000000.0,-21.6,-22.448092000000003
12730000000.0,-20.9,-21.774093999999998
12730000000.0,-20.200000000000003,-21.021421999999998
12730000000.0,-19.5,-20.234769999999997
12730000000.0,-18.8,-19.438731999999998
12730000000.0,-18.1,-18.623528
12730000000.0,-17.4,-18.054734
12730000000.0,-16.700000000000003,-17.309597999999998
12730000000.0,-16.0,-16.51625
12730000000.0,-15.3,-15.820187999999998
12730000000.0,-14.600000000000001,-15.004259999999999
12730000000.0,-13.900000000000002,-14.162108
12730000000.0,-13.200000000000003,-13.35361
12730000000.0,-12.5,-12.590674
12730000000.0,-11.8,-11.863018
12730000000.0,-11.100000000000001,-11.118923999999998
12730000000.0,-10.400000000000002,-10.311539999999999
12730000000.0,-9.700000000000003,-9.4372232
12730000000.0,-9.0,-8.5843252
12730000000.0,-8.3,-7.824466799999999
12730000000.0,-7.600000000000001,-7.051280200000001
12730000000.0,-6.900000000000002,-6.320758400000001
12730000000.0,-6.200000000000003,-5.5175605999999995
12730000000.0,-5.5,-4.6992563999999994
12730000000.0,-4.800000000000001,-3.8582786
12730000000.0,-4.100000000000001,-3.0415322
12730000000.0,-3.400000000000002,-2.2220708
12730000000.0,-2.700000000000003,-1.4596684
12730000000.0,-2.0,-0.6991031000000001
12730000000.0,-1.3000000000000007,0.059238851999999995
12730000000.0,-0.6000000000000014,0.83023916
12730000000.0,0.09999999999999787,1.6243286000000001
12730000000.0,0.7999999999999972,2.4023510000000003
12730000000.0,1.4999999999999964,3.1614066
12730000000.0,2.1999999999999957,3.8926051999999998
12730000000.0,2.8999999999999986,4.6003682
12730000000.0,3.5999999999999943,5.377574200000001
12730000000.0,4.299999999999997,6.195265400000001
12730000000.0,5.0,6.9611368
12925000000.0,-30.0,-29.047352
12925000000.0,-29.3,-28.572356000000003
12925000000.0,-28.6,-28.089536
12925000000.0,-27.9,-27.491799999999994
12925000000.0,-27.2,-26.91216
12925000000.0,-26.5,-26.341928000000003
12925000000.0,-25.8,-25.775948
12925000000.0,-25.1,-25.189568
12925000000.0,-24.4,-24.621760000000002
12925000000.0,-23.7,-24.050958
12925000000.0,-23.0,-23.345168
12925000000.0,-22.3,-22.652003999999998
12925000000.0,-21.6,-21.973214000000002
12925000000.0,-20.9,-21.292598
12925000000.0,-20.200000000000003,-20.523594
12925000000.0,-19.5,-19.691824
12925000000.0,-18.8,-18.851993999999998
12925000000.0,-18.1,-17.992176
12925000000.0,-17.4,-17.393796
12925000000.0,-16.700000000000003,-16.6115
12925000000.0,-16.0,-15.867439999999998
12925000000.0,-15.3,-15.129128
12925000000.0,-14.600000000000001,-14.246403999999998
12925000000.0,-13.900000000000002,-13.415089999999998
12925000000.0,-13.200000000000003,-12.587294
12925000000.0,-12.5,-11.846794000000001
12925000000.0,-11.8,-11.10444
12925000000.0,-11.100000000000001,-10.343762
12925000000.0,-10.400000000000002,-9.550387
12925000000.0,-9.700000000000003,-8.7312628
12925000000.0,-9.0,-7.902208800000001
12925000000.0,-8.3,-7.090423199999999
12925000000.0,-7.600000000000001,-6.2652716
12925000000.0,-6.900000000000002,-5.5325076
12925000000.0,-6.200000000000003,-4.771646199999999
12925000000.0,-5.5,-4.0025272
12925000000.0,-4.800000000000001,-3.1518068
12925000000.0,-4.100000000000001,-2.2817415999999997
12925000000.0,-3.400000000000002,-1.4217098000000001
12925000000.0,-2.700000000000003,-0.66447074
12925000000.0,-2.0,0.089703178
12925000000.0,-1.3000000000000007,0.84248572
12925000000.0,-0.6000000000000014,1.6194644
12925000000.0,0.09999999999999787,2.3985570000000003
12925000000.0,0.7999999999999972,3.1617982
12925000000.0,1.4999999999999964,3.898014
12925000000.0,2.1999999999999957,4.608828600000001
12925000000.0,2.8999999999999986,5.2918188
12925000000.0,3.5999999999999943,6.1027346
12925000000.0,4.299999999999997,6.8881546
12925000000.0,5.0,7.607839399999999
13120000000.0,-30.0,-27.661726000000005
13120000000.0,-29.3,-27.260709999999996
13120000000.0,-28.6,-26.856948
13120000000.0,-27.9,-26.313798
13120000000.0,-27.2,-25.778118
13120000000.0,-26.5,-25.26353
13120000000.0,-25.8,-24.738177999999998
13120000000.0,-25.1,-24.189292000000002
13120000000.0,-24.4,-23.660572
13120000000.0,-23.7,-23.104882
13120000000.0,-23.0,-22.437044
13120000000.0,-22.3,-21.789182
13120000000.0,-21.6,-21.148054
13120000000.0,-20.9,-20.495574
13120000000.0,-20.200000000000003,-19.749109999999998
13120000000.0,-19.5,-18.944968
13120000000.0,-18.8,-18.122366
13120000000.0,-18.1,-17.277406
13120000000.0,-17.4,-16.683072
13120000000.0,-16.700000000000003,-15.90788
13120000000.0,-16.0,-15.143043999999998
13120000000.0,-15.3,-14.38861
13120000000.0,-14.600000000000001,-13.512594000000002
13120000000.0,-13.900000000000002,-12.684678
13120000000.0,-13.200000000000003,-11.848726000000001
13120000000.0,-12.5,-11.090734
13120000000.0,-11.8,-10.339094
13120000000.0,-11.100000000000001,-9.5683982
13120000000.0,-10.400000000000002,-8.759214
13120000000.0,-9.700000000000003,-7.916892
13120000000.0,-9.0,-7.065732200000001
13120000000.0,-8.3,-6.227127600000001
13120000000.0,-7.600000000000001,-5.378750800000001
13120000000.0,-6.900000000000002,-4.6083022
13120000000.0,-6.200000000000003,-3.8354711999999997
13120000000.0,-5.5,-3.053378
13120000000.0,-4.800000000000001,-2.192758
13120000000.0,-4.100000000000001,-1.3096706
13120000000.0,-3.400000000000002,-0.4407044
13120000000.0,-2.700000000000003,0.34199068
13120000000.0,-2.0,1.1148045999999998
13120000000.0,-1.3000000000000007,1.871498
13120000000.0,-0.6000000000000014,2.6558150000000005
13120000000.0,0.09999999999999787,3.4216994
13120000000.0,0.7999999999999972,4.2004936
13120000000.0,1.4999999999999964,4.973739
13120000000.0,2.1999999999999957,5.7104754
13120000000.0,2.8999999999999986,6.403858
13120000000.0,3.5999999999999943,7.2824100000000005
13120000000.0,4.299999999999997,8.138715
13120000000.0,5.0,9.208972
13315000000.0,-30.0,-25.472044
13315000000.0,-29.3,-25.239588
13315000000.0,-28.6,-25.005630000000004
13315000000.0,-27.9,-24.668834
13315000000.0,-27.2,-24.323932
13315000000.0,-26.5,-23.980634000000002
13315000000.0,-25.8,-23.608266000000004
13315000000.0,-25.1,-23.214938
13315000000.0,-24.4,-22.824926
13315000000.0,-23.7,-22.378449999999997
13315000000.0,-23.0,-21.885156000000002
13315000000.0,-22.3,-21.389558
13315000000.0,-21.6,-20.883125999999997
13315000000.0,-20.9,-20.326987999999997
13315000000.0,-20.200000000000003,-19.678338000000004
13315000000.0,-19.5,-18.983672000000002
13315000000.0,-18.8,-18.252353999999997
13315000000.0,-18.1,-17.48225
13315000000.0,-17.4,-16.930596
13315000000.0,-16.700000000000003,-16.200256000000003
13315000000.0,-16.0,-15.389190000000003
13315000000.0,-15.3,-14.631737999999999
13315000000.0,-14.600000000000001,-13.817616000000001
13315000000.0,-13.900000000000002,-12.999467999999998
13315000000.0,-13.200000000000003,-12.156611999999999
13315000000.0,-12.5,-11.348228
13315000000.0,-11.8,-10.59212
13315000000.0,-11.100000000000001,-9.814014
13315000000.0,-10.400000000000002,-8.963650000000001
13315000000.0,-9.700000000000003,-8.0472868
13315000000.0,-9.0,-7.1376170000000005
13315000000.0,-8.3,-6.2920208
13315000000.0,-7.600000000000001,-5.433366199999999
13315000000.0,-6.900000000000002,-4.6095072
13315000000.0,-6.200000000000003,-3.785875
13315000000.0,-5.5,-2.9533274
13315000000.0,-4.800000000000001,-2.0839798
13315000000.0,-4.100000000000001,-1.2072574
13315000000.0,-3.400000000000002,-0.33806465999999996
13315000000.0,-2.700000000000003,0.47621317999999996
13315000000.0,-2.0,1.2804442000000003
13315000000.0,-1.3000000000000007,2.0725778000000004
13315000000.0,-0.6000000000000014,2.8589329999999995
13315000000.0,0.09999999999999787,3.629357
13315000000.0,0.7999999999999972,4.4749816000000004
13315000000.0,1.4999999999999964,5.3325666
13315000000.0,2.1999999999999957,6.1457926
13315000000.0,2.8999999999999986,6.911604199999999
13315000000.0,3.5999999999999943,7.897369599999999
13315000000.0,4.299999999999997,8.921586600000001
13315000000.0,5.0,10.465238
13510000000.0,-30.0,-28.084566000000002
13510000000.0,-29.3,-27.72603
13510000000.0,-28.6,-27.364707999999997
13510000000.0,-27.9,-26.833618
13510000000.0,-27.2,-26.302
13510000000.0,-26.5,-25.786412000000002
13510000000.0,-25.8,-25.225320000000004
13510000000.0,-25.1,-24.660511999999997
13510000000.0,-24.4,-24.107567999999997
13510000000.0,-23.7,-23.464452
13510000000.0,-23.0,-22.834208
13510000000.0,-22.3,-22.211246
13510000000.0,-21.6,-21.587566
13510000000.0,-20.9,-20.882009999999998
13510000000.0,-20.200000000000003,-20.083416
13510000000.0,-19.5,-19.269042000000002
13510000000.0,-18.8,-18.424736000000003
13510000000.0,-18.1,-17.544202
13510000000.0,-17.4,-16.918268
13510000000.0,-16.700000000000003,-16.105
13510000000.0,-16.0,-15.1286
13510000000.0,-15.3,-14.271609999999999
13510000000.0,-14.600000000000001,-13.4334
13510000000.0,-13.900000000000002,-12.563902000000002
13510000000.0,-13.200000000000003,-11.662944
13510000000.0,-12.5,-10.780024000000001
13510000000.0,-11.8,-9.9879706
13510000000.0,-11.100000000000001,-9.1813298
13510000000.0,-10.400000000000002,-8.276739000000001
13510000000.0,-9.700000000000003,-7.2774792
13510000000.0,-9.0,-6.306751199999999
13510000000.0,-8.3,-5.4538269999999995
13510000000.0,-7.600000000000001,-4.5930258
13510000000.0,-6.900000000000002,-3.7231581999999994
13510000000.0,-6.200000000000003,-2.8515775999999997
13510000000.0,-5.5,-1.9817101999999998
13510000000.0,-4.800000000000001,-1.1160847999999999
13510000000.0,-4.100000000000001,-0.25259544
13510000000.0,-3.400000000000002,0.5963640800000001
13510000000.0,-2.700000000000003,1.4290086
13510000000.0,-2.0,2.2558581999999996
13510000000.0,-1.3000000000000007,3.0588416
13510000000.0,-0.6000000000000014,3.8334699999999997
13510000000.0,0.09999999999999787,4.5955086
13510000000.0,0.7999999999999972,5.474168199999999
13510000000.0,1.4999999999999964,6.420158000000001
13510000000.0,2.1999999999999957,7.4642713999999994
13510000000.0,2.8999999999999986,8.2883996
13510000000.0,3.5999999999999943,9.2790544
13510000000.0,4.299999999999997,10.292828
13510000000.0,5.0,11.893854000000001
13705000000.0,-30.0,-29.256186000000003
13705000000.0,-29.3,-28.769345999999995
13705000000.0,-28.6,-28.239454000000002
13705000000.0,-27.9,-27.594586
13705000000.0,-27.2,-26.972334
13705000000.0,-26.5,-26.350208
13705000000.0,-25.8,-25.701718
13705000000.0,-25.1,-25.063892000000003
13705000000.0,-24.4,-24.397416
13705000000.0,-23.7,-23.682406
13705000000.0,-23.0,-22.978227999999998
13705000000.0,-22.3,-22.284764000000003
13705000000.0,-21.6,-21.56208
13705000000.0,-20.9,-20.739425999999998
13705000000.0,-20.200000000000003,-19.848982
13705000000.0,-19.5,-19.022598
13705000000.0,-18.8,-18.172126
13705000000.0,-18.1,-17.204104
13705000000.0,-17.4,-16.435046
13705000000.0,-16.700000000000003,-15.573148
13705000000.0,-16.0,-14.602596
13705000000.0,-15.3,-13.705108000000001
13705000000.0,-14.600000000000001,-12.806639999999998
13705000000.0,-13.900000000000002,-11.946622
13705000000.0,-13.200000000000003,-11.068118000000002
13705000000.0,-12.5,-10.177686
13705000000.0,-11.8,-9.2964782
13705000000.0,-11.100000000000001,-8.403780999999999
13705000000.0,-10.400000000000002,-7.4426402
13705000000.0,-9.700000000000003,-6.427565599999999
13705000000.0,-9.0,-5.477497199999999
13705000000.0,-8.3,-4.6190924
13705000000.0,-7.600000000000001,-3.7609462000000002
13705000000.0,-6.900000000000002,-2.8294362
13705000000.0,-6.200000000000003,-1.9010936
13705000000.0,-5.5,-0.98166618
13705000000.0,-4.800000000000001,-0.07115575199999999
13705000000.0,-4.100000000000001,0.824076
13705000000.0,-3.400000000000002,1.6997288000000002
13705000000.0,-2.700000000000003,2.5705982
13705000000.0,-2.0,3.4900198
13705000000.0,-1.3000000000000007,4.376660800000001
13705000000.0,-0.6000000000000014,5.224633599999999
13705000000.0,0.09999999999999787,6.1587144
13705000000.0,0.7999999999999972,7.216044199999999
13705000000.0,1.4999999999999964,8.7730598
13705000000.0,2.1999999999999957,11.880438000000002
13705000000.0,2.8999999999999986,12.784623999999999
13705000000.0,3.5999999999999943,13.337104
13705000000.0,4.299999999999997,13.675720000000002
13705000000.0,5.0,14.158815999999998
13900000000.0,-30.0,-29.920058
13900000000.0,-29.3,-29.425381999999995
13900000000.0,-28.6,-28.838184000000002
13900000000.0,-27.9,-28.20743
13900000000.0,-27.2,-27.59853
13900000000.0,-26.5,-26.959609999999998
13900000000.0,-25.8,-26.300972
13900000000.0,-25.1,-25.659253999999997
13900000000.0,-24.4,-24.93894
13900000000.0,-23.7,-24.199058
13900000000.0,-23.0,-23.468241999999996
13900000000.0,-22.3,-22.738229999999998
13900000000.0,-21.6,-21.944145999999996
13900000000.0,-20.9,-21.031722
13900000000.0,-20.200000000000003,-20.078732
13900000000.0,-19.5,-19.275858000000003
13900000000.0,-18.8,-18.453756000000002
13900000000.0,-18.1,-17.42029
13900000000.0,-17.4,-16.507838
13900000000.0,-16.700000000000003,-15.618128000000002
13900000000.0,-16.0,-14.676027999999999
13900000000.0,-15.3,-13.753620000000002
13900000000.0,-14.600000000000001,-12.812026
13900000000.0,-13.900000000000002,-11.975978000000001
13900000000.0,-13.200000000000003,-11.126726000000001
13900000000.0,-12.5,-10.244678
13900000000.0,-11.8,-9.278030000000001
13900000000.0,-11.100000000000001,-8.2919548
13900000000.0,-10.400000000000002,-7.283694799999999
13900000000.0,-9.700000000000003,-6.2538476
13900000000.0,-9.0,-5.3251176
13900000000.0,-8.3,-4.4668072
13900000000.0,-7.600000000000001,-3.6060622
13900000000.0,-6.900000000000002,-2.615811
13900000000.0,-6.200000000000003,-1.6343532
13900000000.0,-5.5,-0.66559908
13900000000.0,-4.800000000000001,0.28490329999999997
13900000000.0,-4.100000000000001,1.2159087999999998
13900000000.0,-3.400000000000002,2.1205955999999997
13900000000.0,-2.700000000000003,3.0308257999999997
13900000000.0,-2.0,4.0468962
13900000000.0,-1.3000000000000007,5.01521
13900000000.0,-0.6000000000000014,5.9295002000000006
13900000000.0,0.09999999999999787,7.024181200000001
13900000000.0,0.7999999999999972,8.2195946
13900000000.0,1.4999999999999964,10.167278
13900000000.0,2.1999999999999957,13.793463999999997
13900000000.0,2.8999999999999986,14.482791999999998
13900000000.0,3.5999999999999943,14.7944
13900000000.0,4.299999999999997,14.889818
13900000000.0,5.0,14.889050000000001
