vg1 [V],vg2 [V],det power [dBm],amp current [A],amp power [W]
1.5,1.5,-10.891946,0.01,0.06
1.5,1.475,-10.916290000000004,0.01,0.06
1.5,1.45,-10.916751999999995,0.01,0.06
1.5,1.425,-10.919103999999997,0.01,0.06
1.5,1.4,-10.933189999999996,0.01,0.06
1.5,1.375,-10.939339999999998,0.01,0.06
1.5,1.35,-10.939463999999997,0.01,0.06
1.5,1.325,-10.941014000000003,0.01,0.06
1.5,1.3,-10.944998000000005,0.01,0.06
1.5,1.275,-10.946472,0.01,0.06
1.5,1.25,-10.946886,0.01,0.06
1.5,1.225,-10.948094000000005,0.01,0.06
1.5,1.2,-10.946890000000003,0.01,0.06
1.5,1.175,-10.948080000000004,0.01,0.06
1.5,1.15,-10.947082000000002,0.01,0.06
1.5,1.125,-10.949425999999999,0.02,0.12
1.5,1.1,-10.946192000000003,0.03,0.18
1.5,1.075,-10.94595,0.04,0.24
1.5,1.05,-10.944212,0.05,0.3
1.5,1.025,-10.945382000000002,0.07,0.42
1.5,1.0,-10.943173999999999,0.11,0.66
1.5,0.975,-10.943403999999997,0.15,0.9
1.5,0.95,-10.940885999999999,0.2,1.2
1.5,0.9249999999999999,-10.942854,0.26,1.56
1.5,0.8999999999999999,-10.943081999999997,0.32,1.92
1.5,0.875,-10.945420000000002,0.4,2.4
1.5,0.85,-10.945671999999995,0.48,2.88
1.5,0.825,-10.948178000000002,0.57,3.42
1.5,0.7999999999999999,-10.951249999999998,0.67,4.02
1.5,0.7749999999999999,-10.953098,0.78,4.68
1.5,0.75,-10.954028000000001,0.89,5.34
1.5,0.725,-10.957154000000003,1.01,6.06
1.5,0.7,-10.961450000000003,1.13,6.78
1.5,0.6749999999999999,-10.964569999999998,1.26,7.56
1.5,0.6499999999999999,-10.966514,1.39,8.34
1.5,0.625,-10.970061999999995,1.52,9.12
1.5,0.6,-10.973486000000001,1.65,9.9
1.5,0.575,-10.977599999999995,1.79,10.74
1.5,0.5499999999999999,-10.981034000000001,1.92,11.52
1.5,0.5249999999999999,-10.984919999999999,2.05,12.3
1.5,0.5,-10.987563999999999,2.18,13.08
1.475,1.5,-10.925617999999996,0.01,0.06
1.475,1.475,-10.910671999999998,0.01,0.06
1.475,1.45,-10.91139,0.01,0.06
1.475,1.425,-10.910469999999997,0.01,0.06
1.475,1.4,-10.909298,0.01,0.06
1.475,1.375,-10.91028,0.01,0.06
1.475,1.35,-10.910703999999999,0.01,0.06
1.475,1.325,-10.911045999999999,0.01,0.06
1.475,1.3,-10.911802000000002,0.01,0.06
1.475,1.275,-10.910708,0.01,0.06
1.475,1.25,-10.911108000000002,0.01,0.06
1.475,1.225,-10.910820000000001,0.01,0.06
1.475,1.2,-10.910899999999998,0.01,0.06
1.475,1.175,-10.910665999999999,0.01,0.06
1.475,1.15,-10.911228000000001,0.01,0.06
1.475,1.125,-10.911724000000003,0.02,0.12
1.475,1.1,-10.911900000000003,0.02,0.12
1.475,1.075,-10.912916000000003,0.03,0.18
1.475,1.05,-10.913801999999997,0.05,0.3
1.475,1.025,-10.915175999999995,0.07,0.42
1.475,1.0,-10.915432000000003,0.1,0.6
1.475,0.975,-10.917216000000003,0.14,0.84
1.475,0.95,-10.919998,0.19,1.14
1.475,0.9249999999999999,-10.921676000000001,0.25,1.5
1.475,0.8999999999999999,-10.923271999999997,0.32,1.92
1.475,0.875,-10.925074000000002,0.39,2.34
1.475,0.85,-10.929972000000003,0.48,2.88
1.475,0.825,-10.933686000000002,0.57,3.42
1.475,0.7999999999999999,-10.937108000000002,0.67,4.02
1.475,0.7749999999999999,-10.94042,0.78,4.68
1.475,0.75,-10.943930000000002,0.89,5.34
1.475,0.725,-10.949094000000002,1.01,6.06
1.475,0.7,-10.952423999999997,1.13,6.78
1.475,0.6749999999999999,-10.956228,1.26,7.56
1.475,0.6499999999999999,-10.959145999999997,1.39,8.34
1.475,0.625,-10.964590000000005,1.52,9.12
1.475,0.6,-10.969438000000004,1.65,9.9
1.475,0.575,-10.973313999999998,1.79,10.74
1.475,0.5499999999999999,-10.977085999999996,1.92,11.52
1.475,0.5249999999999999,-10.980068,2.05,12.3
1.475,0.5,-10.985398000000004,2.18,13.08
1.45,1.5,-10.887742000000003,0.01,0.06
1.45,1.475,-10.887746,0.01,0.06
1.45,1.45,-10.888424000000004,0.01,0.06
1.45,1.425,-10.886688,0.01,0.06
1.45,1.4,-10.886678,0.01,0.06
1.45,1.375,-10.889339999999997,0.01,0.06
1.45,1.35,-10.888355999999998,0.01,0.06
1.45,1.325,-10.888231999999999,0.01,0.06
1.45,1.3,-10.887965999999999,0.01,0.06
1.45,1.275,-10.888772,0.01,0.06
1.45,1.25,-10.888764000000002,0.01,0.06
1.45,1.225,-10.889281999999998,0.01,0.06
1.45,1.2,-10.889010000000003,0.01,0.06
1.45,1.175,-10.888978000000002,0.01,0.06
1.45,1.15,-10.888898000000001,0.01,0.06
1.45,1.125,-10.889481999999997,0.02,0.12
1.45,1.1,-10.889730000000004,0.02,0.12
1.45,1.075,-10.891686,0.03,0.18
1.45,1.05,-10.891834,0.05,0.3
1.45,1.025,-10.893306000000003,0.07,0.42
1.45,1.0,-10.894628,0.1,0.6
1.45,0.975,-10.896448,0.14,0.84
1.45,0.95,-10.898510000000005,0.19,1.14
1.45,0.9249999999999999,-10.900482,0.25,1.5
1.45,0.8999999999999999,-10.903840000000002,0.32,1.92
1.45,0.875,-10.907710000000002,0.39,2.34
1.45,0.85,-10.910305999999999,0.48,2.88
1.45,0.825,-10.915868,0.57,3.42
1.45,0.7999999999999999,-10.919688,0.67,4.02
1.45,0.7749999999999999,-10.923200000000001,0.78,4.68
1.45,0.75,-10.929527999999998,0.89,5.34
1.45,0.725,-10.934368,1.01,6.06
1.45,0.7,-10.93855,1.13,6.78
1.45,0.6749999999999999,-10.944918000000001,1.26,7.56
1.45,0.6499999999999999,-10.949122,1.39,8.34
1.45,0.625,-10.953748000000001,1.52,9.12
1.45,0.6,-10.958533999999997,1.65,9.9
1.45,0.575,-10.962484,1.79,10.74
1.45,0.5499999999999999,-10.967773999999999,1.92,11.52
1.45,0.5249999999999999,-10.971636,2.05,12.3
1.45,0.5,-10.977201999999998,2.18,13.08
1.425,1.5,-10.877524000000001,0.01,0.06
1.425,1.475,-10.852224,0.01,0.06
1.425,1.45,-10.851761999999997,0.01,0.06
1.425,1.425,-10.853016000000004,0.01,0.06
1.425,1.4,-10.852801999999997,0.01,0.06
1.425,1.375,-10.852826,0.01,0.06
1.425,1.35,-10.853431999999998,0.01,0.06
1.425,1.325,-10.853982000000002,0.01,0.06
1.425,1.3,-10.853597999999998,0.01,0.06
1.425,1.275,-10.853078000000004,0.01,0.06
1.425,1.25,-10.852710000000002,0.01,0.06
1.425,1.225,-10.852342,0.01,0.06
1.425,1.2,-10.852718000000003,0.01,0.06
1.425,1.175,-10.852476000000003,0.01,0.06
1.425,1.15,-10.853336000000002,0.01,0.06
1.425,1.125,-10.854230000000001,0.02,0.12
1.425,1.1,-10.853194000000002,0.02,0.12
1.425,1.075,-10.854354,0.03,0.18
1.425,1.05,-10.855101999999999,0.05,0.3
1.425,1.025,-10.856676000000004,0.07,0.42
1.425,1.0,-10.858918,0.1,0.6
1.425,0.975,-10.862169999999999,0.14,0.84
1.425,0.95,-10.86477,0.19,1.14
1.425,0.9249999999999999,-10.867975999999999,0.25,1.5
1.425,0.8999999999999999,-10.871534000000004,0.32,1.92
1.425,0.875,-10.875907999999999,0.39,2.34
1.425,0.85,-10.880498,0.48,2.88
1.425,0.825,-10.884304000000004,0.57,3.42
1.425,0.7999999999999999,-10.889592000000004,0.67,4.02
1.425,0.7749999999999999,-10.896161999999997,0.78,4.68
1.425,0.75,-10.901508,0.89,5.34
1.425,0.725,-10.907204,1.01,6.06
1.425,0.7,-10.913956000000002,1.13,6.78
1.425,0.6749999999999999,-10.919568000000005,1.26,7.56
1.425,0.6499999999999999,-10.925011999999999,1.39,8.34
1.425,0.625,-10.932119999999998,1.52,9.12
1.425,0.6,-10.937018000000002,1.65,9.9
1.425,0.575,-10.942362000000003,1.79,10.74
1.425,0.5499999999999999,-10.950584000000003,1.92,11.52
1.425,0.5249999999999999,-10.956110000000002,2.05,12.3
1.425,0.5,-10.959456,2.18,13.08
1.4,1.5,-10.829504000000004,0.01,0.06
1.4,1.475,-10.795907999999997,0.01,0.06
1.4,1.45,-10.795616000000003,0.01,0.06
1.4,1.425,-10.794942000000002,0.01,0.06
1.4,1.4,-10.794912,0.01,0.06
1.4,1.375,-10.795051999999998,0.01,0.06
1.4,1.35,-10.794658000000005,0.01,0.06
1.4,1.325,-10.795397999999999,0.01,0.06
1.4,1.3,-10.795132000000002,0.01,0.06
1.4,1.275,-10.795202,0.01,0.06
1.4,1.25,-10.794870000000003,0.01,0.06
1.4,1.225,-10.794671999999998,0.01,0.06
1.4,1.2,-10.794733999999998,0.01,0.06
1.4,1.175,-10.793804000000002,0.01,0.06
1.4,1.15,-10.794094000000001,0.01,0.06
1.4,1.125,-10.794446,0.02,0.12
1.4,1.1,-10.795393999999998,0.02,0.12
1.4,1.075,-10.796788,0.03,0.18
1.4,1.05,-10.798669999999998,0.05,0.3
1.4,1.025,-10.799775999999998,0.07,0.42
1.4,1.0,-10.802222,0.1,0.6
1.4,0.975,-10.804390000000001,0.14,0.84
1.4,0.95,-10.80847,0.19,1.14
1.4,0.9249999999999999,-10.812657999999999,0.25,1.5
1.4,0.8999999999999999,-10.817442,0.32,1.92
1.4,0.875,-10.821942,0.4,2.4
1.4,0.85,-10.828118,0.48,2.88
1.4,0.825,-10.835496,0.57,3.42
1.4,0.7999999999999999,-10.842122,0.67,4.02
1.4,0.7749999999999999,-10.848734,0.78,4.68
1.4,0.75,-10.855740000000004,0.89,5.34
1.4,0.725,-10.863945999999999,1.01,6.06
1.4,0.7,-10.870870000000004,1.13,6.78
1.4,0.6749999999999999,-10.877748000000004,1.26,7.56
1.4,0.6499999999999999,-10.886164,1.39,8.34
1.4,0.625,-10.894352000000005,1.52,9.12
1.4,0.6,-10.900738,1.65,9.9
1.4,0.575,-10.910184000000005,1.79,10.74
1.4,0.5499999999999999,-10.916276,1.92,11.52
1.4,0.5249999999999999,-10.924122,2.05,12.3
1.4,0.5,-10.93063,2.18,13.08
1.375,1.5,-10.757424000000004,0.01,0.06
1.375,1.475,-10.713193999999998,0.01,0.06
1.375,1.45,-10.713422000000001,0.01,0.06
1.375,1.425,-10.713136000000002,0.01,0.06
1.375,1.4,-10.713286,0.01,0.06
1.375,1.375,-10.713756,0.01,0.06
1.375,1.35,-10.712637999999998,0.01,0.06
1.375,1.325,-10.712986,0.01,0.06
1.375,1.3,-10.712765999999998,0.01,0.06
1.375,1.275,-10.712700000000002,0.01,0.06
1.375,1.25,-10.713598000000001,0.01,0.06
1.375,1.225,-10.713482000000006,0.01,0.06
1.375,1.2,-10.713815999999998,0.01,0.06
1.375,1.175,-10.713570000000004,0.01,0.06
1.375,1.15,-10.713779999999996,0.01,0.06
1.375,1.125,-10.714123999999998,0.02,0.12
1.375,1.1,-10.713448,0.02,0.12
1.375,1.075,-10.715238,0.03,0.18
1.375,1.05,-10.716879999999996,0.05,0.3
1.375,1.025,-10.718363999999998,0.07,0.42
1.375,1.0,-10.721775999999998,0.1,0.6
1.375,0.975,-10.724543999999998,0.14,0.84
1.375,0.95,-10.731484000000002,0.19,1.14
1.375,0.9249999999999999,-10.736327999999997,0.25,1.5
1.375,0.8999999999999999,-10.742304,0.32,1.92
1.375,0.875,-10.750166,0.39,2.34
1.375,0.85,-10.756043999999996,0.48,2.88
1.375,0.825,-10.764404000000003,0.57,3.42
1.375,0.7999999999999999,-10.774622,0.67,4.02
1.375,0.7749999999999999,-10.783450000000006,0.78,4.68
1.375,0.75,-10.793520000000001,0.89,5.34
1.375,0.725,-10.800512000000005,1.01,6.06
1.375,0.7,-10.811734000000001,1.13,6.78
1.375,0.6749999999999999,-10.82215,1.26,7.56
1.375,0.6499999999999999,-10.829652000000003,1.39,8.34
1.375,0.625,-10.843252,1.52,9.12
1.375,0.6,-10.852800000000002,1.65,9.9
1.375,0.575,-10.862216,1.79,10.74
1.375,0.5499999999999999,-10.871502,1.92,11.52
1.375,0.5249999999999999,-10.880068000000001,2.05,12.3
1.375,0.5,-10.887888000000004,2.18,13.08
1.35,1.5,-10.658438,0.01,0.06
1.35,1.475,-10.59939,0.01,0.06
1.35,1.45,-10.59996,0.01,0.06
1.35,1.425,-10.598602,0.01,0.06
1.35,1.4,-10.59871,0.01,0.06
1.35,1.375,-10.599288000000001,0.01,0.06
1.35,1.35,-10.598802,0.01,0.06
1.35,1.325,-10.598441999999999,0.01,0.06
1.35,1.3,-10.598188,0.01,0.06
1.35,1.275,-10.598400000000005,0.01,0.06
1.35,1.25,-10.598719999999997,0.01,0.06
1.35,1.225,-10.599004,0.01,0.06
1.35,1.2,-10.597912,0.01,0.06
1.35,1.175,-10.59807,0.01,0.06
1.35,1.15,-10.597986000000002,0.02,0.12
1.35,1.125,-10.59825,0.02,0.12
1.35,1.1,-10.598934000000003,0.02,0.12
1.35,1.075,-10.600468,0.04,0.24
1.35,1.05,-10.601781999999996,0.05,0.3
1.35,1.025,-10.604059999999997,0.07,0.42
1.35,1.0,-10.607832000000002,0.1,0.6
1.35,0.975,-10.613014,0.15,0.9
1.35,0.95,-10.619015999999998,0.19,1.14
1.35,0.9249999999999999,-10.626632,0.25,1.5
1.35,0.8999999999999999,-10.632767999999999,0.32,1.92
1.35,0.875,-10.644010000000002,0.4,2.4
1.35,0.85,-10.652708,0.48,2.88
1.35,0.825,-10.664022,0.57,3.42
1.35,0.7999999999999999,-10.675774,0.67,4.02
1.35,0.7749999999999999,-10.687124,0.78,4.68
1.35,0.75,-10.698356,0.89,5.34
1.35,0.725,-10.709299999999995,1.01,6.06
1.35,0.7,-10.724900000000002,1.13,6.78
1.35,0.6749999999999999,-10.737321999999999,1.26,7.56
1.35,0.6499999999999999,-10.750477999999998,1.39,8.34
1.35,0.625,-10.764987999999999,1.52,9.12
1.35,0.6,-10.775265999999998,1.65,9.9
1.35,0.575,-10.786892000000002,1.79,10.74
1.35,0.5499999999999999,-10.799786000000001,1.92,11.52
1.35,0.5249999999999999,-10.811167999999999,2.05,12.3
1.35,0.5,-10.821288,2.18,13.08
1.325,1.5,-10.600822000000004,0.01,0.06
1.325,1.475,-10.451798000000004,0.01,0.06
1.325,1.45,-10.451542,0.01,0.06
1.325,1.425,-10.451214000000004,0.01,0.06
1.325,1.4,-10.450546000000003,0.01,0.06
1.325,1.375,-10.451215999999999,0.01,0.06
1.325,1.35,-10.451776000000002,0.01,0.06
1.325,1.325,-10.451292000000002,0.01,0.06
1.325,1.3,-10.451720000000002,0.01,0.06
1.325,1.275,-10.452634,0.01,0.06
1.325,1.25,-10.451433999999999,0.01,0.06
1.325,1.225,-10.451796000000002,0.01,0.06
1.325,1.2,-10.451922000000003,0.01,0.06
1.325,1.175,-10.452537999999997,0.01,0.06
1.325,1.15,-10.452179999999998,0.02,0.12
1.325,1.125,-10.452066000000002,0.02,0.12
1.325,1.1,-10.453216000000005,0.03,0.18
1.325,1.075,-10.454239999999999,0.04,0.24
1.325,1.05,-10.456917999999995,0.05,0.3
1.325,1.025,-10.459849999999996,0.07,0.42
1.325,1.0,-10.465114,0.11,0.66
1.325,0.975,-10.470697999999999,0.15,0.9
1.325,0.95,-10.477819999999998,0.19,1.14
1.325,0.9249999999999999,-10.488702,0.25,1.5
1.325,0.8999999999999999,-10.496327999999998,0.32,1.92
1.325,0.875,-10.508412,0.4,2.4
1.325,0.85,-10.523148000000003,0.48,2.88
1.325,0.825,-10.534455999999999,0.57,3.42
1.325,0.7999999999999999,-10.548408000000002,0.67,4.02
1.325,0.7749999999999999,-10.560540000000003,0.78,4.68
1.325,0.75,-10.578592000000004,0.89,5.34
1.325,0.725,-10.594942000000003,1.01,6.06
1.325,0.7,-10.607306000000001,1.13,6.78
1.325,0.6749999999999999,-10.625781999999997,1.26,7.56
1.325,0.6499999999999999,-10.643006000000003,1.39,8.34
1.325,0.625,-10.659146,1.52,9.12
1.325,0.6,-10.675515999999998,1.65,9.9
1.325,0.575,-10.691244000000001,1.79,10.74
1.325,0.5499999999999999,-10.704919999999998,1.92,11.52
1.325,0.5249999999999999,-10.720289999999999,2.05,12.3
1.325,0.5,-10.734202,2.18,13.08
1.3,1.5,-10.446032000000002,0.01,0.06
1.3,1.475,-10.259262,0.01,0.06
1.3,1.45,-10.258546000000003,0.01,0.06
1.3,1.425,-10.259262,0.01,0.06
1.3,1.4,-10.259500000000003,0.01,0.06
1.3,1.375,-10.258972,0.01,0.06
1.3,1.35,-10.259042,0.01,0.06
1.3,1.325,-10.258536000000003,0.01,0.06
1.3,1.3,-10.259129999999999,0.01,0.06
1.3,1.275,-10.258999999999997,0.01,0.06
1.3,1.25,-10.260550000000002,0.01,0.06
1.3,1.225,-10.259543999999998,0.01,0.06
1.3,1.2,-10.259138,0.01,0.06
1.3,1.175,-10.26059,0.01,0.06
1.3,1.15,-10.26072,0.02,0.12
1.3,1.125,-10.260296,0.02,0.12
1.3,1.1,-10.261504000000002,0.03,0.18
1.3,1.075,-10.263238000000001,0.04,0.24
1.3,1.05,-10.266818,0.05,0.3
1.3,1.025,-10.270166,0.07,0.42
1.3,1.0,-10.274481999999999,0.11,0.66
1.3,0.975,-10.283677999999998,0.15,0.9
1.3,0.95,-10.291906,0.2,1.2
1.3,0.9249999999999999,-10.302841999999998,0.25,1.5
1.3,0.8999999999999999,-10.318084000000006,0.32,1.92
1.3,0.875,-10.32847,0.4,2.4
1.3,0.85,-10.343777999999997,0.48,2.88
1.3,0.825,-10.361038,0.57,3.42
1.3,0.7999999999999999,-10.37676,0.67,4.02
1.3,0.7749999999999999,-10.395708000000003,0.78,4.68
1.3,0.75,-10.410683999999996,0.89,5.34
1.3,0.725,-10.434483999999998,1.01,6.06
1.3,0.7,-10.454922,1.13,6.78
1.3,0.6749999999999999,-10.471247999999996,1.26,7.56
1.3,0.6499999999999999,-10.495470000000001,1.39,8.34
1.3,0.625,-10.516815999999999,1.52,9.12
1.3,0.6,-10.535874,1.65,9.9
1.3,0.575,-10.557085999999998,1.79,10.74
1.3,0.5499999999999999,-10.575498,1.92,11.52
1.3,0.5249999999999999,-10.590942000000002,2.05,12.3
1.3,0.5,-10.612309999999997,2.18,13.08
1.275,1.5,-10.144288000000007,0.01,0.06
1.275,1.475,-10.025247999999998,0.01,0.06
1.275,1.45,-10.026344000000002,0.01,0.06
1.275,1.425,-10.025136000000003,0.01,0.06
1.275,1.4,-10.025445999999999,0.01,0.06
1.275,1.375,-10.025452000000001,0.01,0.06
1.275,1.35,-10.025042000000003,0.01,0.06
1.275,1.325,-10.025502,0.01,0.06
1.275,1.3,-10.024729999999998,0.01,0.06
1.275,1.275,-10.025648,0.01,0.06
1.275,1.25,-10.024567999999999,0.01,0.06
1.275,1.225,-10.025191999999997,0.01,0.06
1.275,1.2,-10.025277999999997,0.01,0.06
1.275,1.175,-10.025940000000002,0.02,0.12
1.275,1.15,-10.026505999999994,0.02,0.12
1.275,1.125,-10.026366000000003,0.02,0.12
1.275,1.1,-10.027724,0.03,0.18
1.275,1.075,-10.028883999999998,0.04,0.24
1.275,1.05,-10.033183999999999,0.05,0.3
1.275,1.025,-10.037716,0.08,0.48
1.275,1.0,-10.045123999999998,0.11,0.66
1.275,0.975,-10.054182000000004,0.15,0.9
1.275,0.95,-10.063317999999999,0.2,1.2
1.275,0.9249999999999999,-10.080456000000005,0.25,1.5
1.275,0.8999999999999999,-10.092928,0.32,1.92
1.275,0.875,-10.109042000000006,0.4,2.4
1.275,0.85,-10.131927999999998,0.48,2.88
1.275,0.825,-10.147998000000001,0.57,3.42
1.275,0.7999999999999999,-10.16929,0.67,4.02
1.275,0.7749999999999999,-10.185892000000003,0.78,4.68
1.275,0.75,-10.21413,0.89,5.34
1.275,0.725,-10.238484,1.01,6.06
1.275,0.7,-10.258518000000002,1.14,6.84
1.275,0.6749999999999999,-10.287878,1.26,7.56
1.275,0.6499999999999999,-10.312350000000002,1.39,8.34
1.275,0.625,-10.339019999999998,1.52,9.12
1.275,0.6,-10.367662000000003,1.65,9.9
1.275,0.575,-10.387216000000002,1.79,10.74
1.275,0.5499999999999999,-10.411853999999998,1.92,11.52
1.275,0.5249999999999999,-10.429201999999997,2.05,12.3
1.275,0.5,-10.455827999999997,2.19,13.14
1.25,1.5,-9.875931999999999,0.01,0.06
1.25,1.475,-9.729346,0.01,0.06
1.25,1.45,-9.729269999999996,0.01,0.06
1.25,1.425,-9.729662000000001,0.01,0.06
1.25,1.4,-9.730308,0.01,0.06
1.25,1.375,-9.730524000000003,0.01,0.06
1.25,1.35,-9.729701999999996,0.01,0.06
1.25,1.325,-9.730266,0.01,0.06
1.25,1.3,-9.729546,0.01,0.06
1.25,1.275,-9.729517999999995,0.01,0.06
1.25,1.25,-9.728413999999997,0.01,0.06
1.25,1.225,-9.729676000000001,0.01,0.06
1.25,1.2,-9.729419999999998,0.02,0.12
1.25,1.175,-9.729762000000001,0.02,0.12
1.25,1.15,-9.729928000000001,0.02,0.12
1.25,1.125,-9.730914000000002,0.02,0.12
1.25,1.1,-9.731497999999998,0.03,0.18
1.25,1.075,-9.73537,0.04,0.24
1.25,1.05,-9.739722,0.05,0.3
1.25,1.025,-9.744833999999997,0.08,0.48
1.25,1.0,-9.754494000000001,0.11,0.66
1.25,0.975,-9.764147999999999,0.15,0.9
1.25,0.95,-9.778699999999997,0.2,1.2
1.25,0.9249999999999999,-9.793412,0.26,1.56
1.25,0.8999999999999999,-9.808212000000005,0.32,1.92
1.25,0.875,-9.835068,0.4,2.4
1.25,0.85,-9.852682000000005,0.48,2.88
1.25,0.825,-9.876628,0.57,3.42
1.25,0.7999999999999999,-9.907125999999998,0.67,4.02
1.25,0.7749999999999999,-9.929198000000003,0.78,4.68
1.25,0.75,-9.956882,0.89,5.34
1.25,0.725,-9.987959999999998,1.01,6.06
1.25,0.7,-10.017220000000002,1.14,6.84
1.25,0.6749999999999999,-10.047338000000003,1.26,7.56
1.25,0.6499999999999999,-10.072036000000004,1.39,8.34
1.25,0.625,-10.11447,1.52,9.12
1.25,0.6,-10.137408,1.66,9.96
1.25,0.575,-10.168140000000001,1.79,10.74
1.25,0.5499999999999999,-10.203237999999999,1.92,11.52
1.25,0.5249999999999999,-10.224277999999998,2.05,12.3
1.25,0.5,-10.251513999999997,2.19,13.14
1.225,1.5,-9.731952,0.01,0.06
1.225,1.475,-9.380099999999999,0.01,0.06
1.225,1.45,-9.379810000000003,0.01,0.06
1.225,1.425,-9.380186000000002,0.01,0.06
1.225,1.4,-9.379919999999998,0.01,0.06
1.225,1.375,-9.380920000000003,0.01,0.06
1.225,1.35,-9.381078000000002,0.01,0.06
1.225,1.325,-9.380808000000002,0.01,0.06
1.225,1.3,-9.379327999999997,0.01,0.06
1.225,1.275,-9.381002000000002,0.01,0.06
1.225,1.25,-9.380095999999998,0.01,0.06
1.225,1.225,-9.380916000000003,0.02,0.12
1.225,1.2,-9.380704000000001,0.02,0.12
1.225,1.175,-9.381990000000002,0.02,0.12
1.225,1.15,-9.383228000000003,0.02,0.12
1.225,1.125,-9.382828,0.02,0.12
1.225,1.1,-9.385883999999997,0.03,0.18
1.225,1.075,-9.388074,0.04,0.24
1.225,1.05,-9.391750000000002,0.06,0.36
1.225,1.025,-9.399939999999997,0.08,0.48
1.225,1.0,-9.407969999999995,0.11,0.66
1.225,0.975,-9.423226,0.15,0.9
1.225,0.95,-9.438127999999999,0.2,1.2
1.225,0.9249999999999999,-9.454585999999999,0.26,1.56
1.225,0.8999999999999999,-9.480083999999998,0.32,1.92
1.225,0.875,-9.502177999999997,0.4,2.4
1.225,0.85,-9.528488,0.48,2.88
1.225,0.825,-9.557112,0.58,3.48
1.225,0.7999999999999999,-9.58737,0.67,4.02
1.225,0.7749999999999999,-9.616642000000002,0.78,4.68
1.225,0.75,-9.653004,0.89,5.34
1.225,0.725,-9.688408000000003,1.01,6.06
1.225,0.7,-9.717246,1.14,6.84
1.225,0.6749999999999999,-9.764400000000002,1.26,7.56
1.225,0.6499999999999999,-9.796336000000004,1.39,8.34
1.225,0.625,-9.832133999999996,1.53,9.18
1.225,0.6,-9.875405999999998,1.66,9.96
1.225,0.575,-9.903268000000004,1.79,10.74
1.225,0.5499999999999999,-9.938299999999998,1.93,11.58
1.225,0.5249999999999999,-9.965921999999999,2.05,12.3
1.225,0.5,-10.004453999999999,2.19,13.14
1.2,1.5,-9.159712000000003,0.01,0.06
1.2,1.475,-8.947099999999999,0.01,0.06
1.2,1.45,-8.948097999999998,0.01,0.06
1.2,1.425,-8.946028000000002,0.01,0.06
1.2,1.4,-8.946824,0.01,0.06
1.2,1.375,-8.947180000000003,0.01,0.06
1.2,1.35,-8.947625999999996,0.01,0.06
1.2,1.325,-8.947048000000002,0.02,0.12
1.2,1.3,-8.947210000000002,0.02,0.12
1.2,1.275,-8.945964000000004,0.02,0.12
1.2,1.25,-8.946221999999999,0.02,0.12
1.2,1.225,-8.946280000000002,0.02,0.12
1.2,1.2,-8.947104000000003,0.02,0.12
1.2,1.175,-8.948356,0.02,0.12
1.2,1.15,-8.949293999999998,0.02,0.12
1.2,1.125,-8.951272,0.02,0.12
1.2,1.1,-8.951616000000001,0.03,0.18
1.2,1.075,-8.957339999999999,0.04,0.24
1.2,1.05,-8.963491999999995,0.06,0.36
1.2,1.025,-8.97027,0.08,0.48
1.2,1.0,-8.982240000000001,0.11,0.66
1.2,0.975,-8.995076000000001,0.15,0.9
1.2,0.95,-9.016478,0.2,1.2
1.2,0.9249999999999999,-9.039902000000001,0.26,1.56
1.2,0.8999999999999999,-9.061336,0.33,1.98
1.2,0.875,-9.096479999999996,0.4,2.4
1.2,0.85,-9.124637999999997,0.48,2.88
1.2,0.825,-9.158006,0.58,3.48
1.2,0.7999999999999999,-9.19379,0.67,4.02
1.2,0.7749999999999999,-9.232803999999998,0.78,4.68
1.2,0.75,-9.267441999999999,0.89,5.34
1.2,0.725,-9.315462000000004,1.01,6.06
1.2,0.7,-9.358008000000002,1.14,6.84
1.2,0.6749999999999999,-9.400765999999997,1.26,7.56
1.2,0.6499999999999999,-9.453622000000003,1.39,8.34
1.2,0.625,-9.487617999999998,1.53,9.18
1.2,0.6,-9.529469999999996,1.66,9.96
1.2,0.575,-9.573685999999999,1.79,10.74
1.2,0.5499999999999999,-9.62273,1.92,11.52
1.2,0.5249999999999999,-9.654891999999997,2.05,12.3
1.2,0.5,-9.694783999999999,2.19,13.14
1.175,1.5,-8.686950000000003,0.01,0.06
1.175,1.475,-8.431778000000001,0.02,0.12
1.175,1.45,-8.431468000000002,0.02,0.12
1.175,1.425,-8.432465999999998,0.02,0.12
1.175,1.4,-8.432103999999999,0.02,0.12
1.175,1.375,-8.431673999999997,0.02,0.12
1.175,1.35,-8.431900000000002,0.02,0.12
1.175,1.325,-8.432002,0.02,0.12
1.175,1.3,-8.431306,0.02,0.12
1.175,1.275,-8.431094000000002,0.02,0.12
1.175,1.25,-8.431116000000003,0.02,0.12
1.175,1.225,-8.430025999999998,0.02,0.12
1.175,1.2,-8.431812,0.02,0.12
1.175,1.175,-8.433346,0.02,0.12
1.175,1.15,-8.434456,0.02,0.12
1.175,1.125,-8.435706000000003,0.03,0.18
1.175,1.1,-8.438300000000005,0.03,0.18
1.175,1.075,-8.443252000000001,0.04,0.24
1.175,1.05,-8.447512,0.06,0.36
1.175,1.025,-8.458652,0.08,0.48
1.175,1.0,-8.473762,0.11,0.66
1.175,0.975,-8.491575999999998,0.15,0.9
1.175,0.95,-8.515055999999998,0.2,1.2
1.175,0.9249999999999999,-8.536881999999999,0.26,1.56
1.175,0.8999999999999999,-8.578802000000003,0.33,1.98
1.175,0.875,-8.606126,0.4,2.4
1.175,0.85,-8.644051999999999,0.49,2.94
1.175,0.825,-8.693111999999996,0.58,3.48
1.175,0.7999999999999999,-8.72708,0.68,4.08
1.175,0.7749999999999999,-8.774210000000004,0.78,4.68
1.175,0.75,-8.812185999999997,0.89,5.34
1.175,0.725,-8.87255,1.01,6.06
1.175,0.7,-8.923894,1.14,6.84
1.175,0.6749999999999999,-8.968848000000001,1.26,7.56
1.175,0.6499999999999999,-9.026912,1.4,8.4
1.175,0.625,-9.078502000000004,1.53,9.18
1.175,0.6,-9.129502000000002,1.66,9.96
1.175,0.575,-9.170148000000001,1.79,10.74
1.175,0.5499999999999999,-9.230049999999999,1.93,11.58
1.175,0.5249999999999999,-9.278380000000006,2.06,12.36
1.175,0.5,-9.316296000000001,2.19,13.14
1.15,1.5,-8.095298000000003,0.02,0.12
1.15,1.475,-7.783645999999997,0.02,0.12
1.15,1.45,-7.782916,0.02,0.12
1.15,1.425,-7.782191999999998,0.02,0.12
1.15,1.4,-7.781419999999997,0.02,0.12
1.15,1.375,-7.782768000000004,0.02,0.12
1.15,1.35,-7.7849499999999985,0.02,0.12
1.15,1.325,-7.783685999999999,0.02,0.12
1.15,1.3,-7.784210000000002,0.02,0.12
1.15,1.275,-7.7835779999999986,0.02,0.12
1.15,1.25,-7.783064000000003,0.02,0.12
1.15,1.225,-7.7833739999999985,0.02,0.12
1.15,1.2,-7.784708000000002,0.02,0.12
1.15,1.175,-7.784393999999999,0.02,0.12
1.15,1.15,-7.787116000000005,0.03,0.18
1.15,1.125,-7.789564000000002,0.03,0.18
1.15,1.1,-7.792809999999996,0.03,0.18
1.15,1.075,-7.796637999999994,0.04,0.24
1.15,1.05,-7.804752000000001,0.06,0.36
1.15,1.025,-7.8138819999999996,0.08,0.48
1.15,1.0,-7.833107999999999,0.11,0.66
1.15,0.975,-7.8579979999999985,0.15,0.9
1.15,0.95,-7.882196,0.2,1.2
1.15,0.9249999999999999,-7.920270000000006,0.26,1.56
1.15,0.8999999999999999,-7.957605999999998,0.33,1.98
1.15,0.875,-7.991403999999999,0.4,2.4
1.15,0.85,-8.044953999999997,0.49,2.94
1.15,0.825,-8.094119999999997,0.58,3.48
1.15,0.7999999999999999,-8.136766000000001,0.68,4.08
1.15,0.7749999999999999,-8.215089999999996,0.79,4.74
1.15,0.75,-8.260464000000002,0.9,5.4
1.15,0.725,-8.321798000000001,1.02,6.12
1.15,0.7,-8.372059999999998,1.14,6.84
1.15,0.6749999999999999,-8.446003999999999,1.27,7.62
1.15,0.6499999999999999,-8.508780000000002,1.4,8.4
1.15,0.625,-8.560508000000006,1.53,9.18
1.15,0.6,-8.632463999999999,1.66,9.96
1.15,0.575,-8.692889999999998,1.79,10.74
1.15,0.5499999999999999,-8.741352,1.93,11.58
1.15,0.5249999999999999,-8.815666,2.06,12.36
1.15,0.5,-8.866746,2.19,13.14
1.125,1.5,-7.370691999999998,0.02,0.12
1.125,1.475,-6.991916000000003,0.02,0.12
1.125,1.45,-6.990383999999999,0.02,0.12
1.125,1.425,-6.988790000000002,0.02,0.12
1.125,1.4,-6.988468000000001,0.02,0.12
1.125,1.375,-6.989163999999999,0.02,0.12
1.125,1.35,-6.989058,0.02,0.12
1.125,1.325,-6.991669999999999,0.02,0.12
1.125,1.3,-6.989780000000003,0.02,0.12
1.125,1.275,-6.990777999999999,0.02,0.12
1.125,1.25,-6.9917320000000025,0.02,0.12
1.125,1.225,-6.992618,0.02,0.12
1.125,1.2,-6.988693999999999,0.03,0.18
1.125,1.175,-6.992142000000001,0.03,0.18
1.125,1.15,-6.9927579999999985,0.03,0.18
1.125,1.125,-6.9946079999999995,0.03,0.18
1.125,1.1,-6.999590000000001,0.04,0.24
1.125,1.075,-7.007471999999996,0.05,0.3
1.125,1.05,-7.018403999999997,0.06,0.36
1.125,1.025,-7.033317999999998,0.09,0.54
1.125,1.0,-7.0518379999999965,0.12,0.72
1.125,0.975,-7.087599999999998,0.16,0.96
1.125,0.95,-7.1175219999999975,0.21,1.26
1.125,0.9249999999999999,-7.160497999999997,0.26,1.56
1.125,0.8999999999999999,-7.206734000000001,0.33,1.98
1.125,0.875,-7.260040000000004,0.41,2.46
1.125,0.85,-7.319706000000004,0.49,2.94
1.125,0.825,-7.381599999999999,0.58,3.48
1.125,0.7999999999999999,-7.4461200000000005,0.68,4.08
1.125,0.7749999999999999,-7.515189999999997,0.79,4.74
1.125,0.75,-7.601675999999998,0.9,5.4
1.125,0.725,-7.661908,1.02,6.12
1.125,0.7,-7.737860000000001,1.14,6.84
1.125,0.6749999999999999,-7.801319999999997,1.27,7.62
1.125,0.6499999999999999,-7.903390000000002,1.4,8.4
1.125,0.625,-7.969565999999997,1.53,9.18
1.125,0.6,-8.044620000000002,1.66,9.96
1.125,0.575,-8.115575999999997,1.8,10.8
1.125,0.5499999999999999,-8.188769999999998,1.93,11.58
1.125,0.5249999999999999,-8.24998,2.06,12.36
1.125,0.5,-8.32622,2.19,13.14
1.1,1.5,-6.397768000000003,0.02,0.12
1.1,1.475,-5.912723999999997,0.02,0.12
1.1,1.45,-5.9129720000000034,0.03,0.18
1.1,1.425,-5.910377999999998,0.03,0.18
1.1,1.4,-5.911660000000001,0.03,0.18
1.1,1.375,-5.9115660000000005,0.03,0.18
1.1,1.35,-5.910392000000002,0.03,0.18
1.1,1.325,-5.909950000000002,0.03,0.18
1.1,1.3,-5.909894000000001,0.03,0.18
1.1,1.275,-5.911904,0.03,0.18
1.1,1.25,-5.912264,0.03,0.18
1.1,1.225,-5.9147,0.03,0.18
1.1,1.2,-5.910521999999997,0.03,0.18
1.1,1.175,-5.913563999999997,0.03,0.18
1.1,1.15,-5.916384000000001,0.03,0.18
1.1,1.125,-5.915827999999998,0.04,0.24
1.1,1.1,-5.921808000000006,0.04,0.24
1.1,1.075,-5.933616000000001,0.05,0.3
1.1,1.05,-5.947393999999996,0.07,0.42
1.1,1.025,-5.970820000000003,0.09,0.54
1.1,1.0,-5.992585999999999,0.12,0.72
1.1,0.975,-6.043551999999998,0.16,0.96
1.1,0.95,-6.080442000000005,0.21,1.26
1.1,0.9249999999999999,-6.137598000000004,0.27,1.62
1.1,0.8999999999999999,-6.212674,0.34,2.04
1.1,0.875,-6.26999,0.41,2.46
1.1,0.85,-6.347237999999997,0.49,2.94
1.1,0.825,-6.4190479999999965,0.59,3.54
1.1,0.7999999999999999,-6.518636000000004,0.68,4.08
1.1,0.7749999999999999,-6.607284,0.79,4.74
1.1,0.75,-6.699120000000004,0.9,5.4
1.1,0.725,-6.777641999999997,1.02,6.12
1.1,0.7,-6.895316000000001,1.15,6.9
1.1,0.6749999999999999,-6.994218,1.27,7.62
1.1,0.6499999999999999,-7.077683999999998,1.4,8.4
1.1,0.625,-7.192664000000001,1.53,9.18
1.1,0.6,-7.2850759999999966,1.66,9.96
1.1,0.575,-7.374511999999999,1.8,10.8
1.1,0.5499999999999999,-7.46923,1.93,11.58
1.1,0.5249999999999999,-7.554259999999999,2.06,12.36
1.1,0.5,-7.622149999999998,2.19,13.14
1.075,1.5,-5.0897359999999985,0.03,0.18
1.075,1.475,-4.451972000000001,0.03,0.18
1.075,1.45,-4.4543459999999975,0.03,0.18
1.075,1.425,-4.450650000000003,0.03,0.18
1.075,1.4,-4.4544619999999995,0.03,0.18
1.075,1.375,-4.455970000000001,0.03,0.18
1.075,1.35,-4.450315999999997,0.03,0.18
1.075,1.325,-4.447504000000002,0.03,0.18
1.075,1.3,-4.449290000000001,0.03,0.18
1.075,1.275,-4.454143999999999,0.03,0.18
1.075,1.25,-4.452251999999998,0.03,0.18
1.075,1.225,-4.452197999999999,0.04,0.24
1.075,1.2,-4.455953999999998,0.04,0.24
1.075,1.175,-4.456021999999997,0.04,0.24
1.075,1.15,-4.453612,0.04,0.24
1.075,1.125,-4.457436000000005,0.04,0.24
1.075,1.1,-4.470278,0.05,0.3
1.075,1.075,-4.479680000000002,0.06,0.36
1.075,1.05,-4.505693999999998,0.07,0.42
1.075,1.025,-4.529813999999998,0.1,0.6
1.075,1.0,-4.578606000000001,0.13,0.78
1.075,0.975,-4.624834,0.17,1.02
1.075,0.95,-4.6903799999999976,0.22,1.32
1.075,0.9249999999999999,-4.778642000000001,0.27,1.62
1.075,0.8999999999999999,-4.851116000000001,0.34,2.04
1.075,0.875,-4.950436000000003,0.42,2.52
1.075,0.85,-5.064615999999997,0.5,3.0
1.075,0.825,-5.171403999999999,0.59,3.54
1.075,0.7999999999999999,-5.287817999999998,0.69,4.14
1.075,0.7749999999999999,-5.418696000000001,0.8,4.8
1.075,0.75,-5.537928000000001,0.91,5.46
1.075,0.725,-5.668453999999997,1.03,6.18
1.075,0.7,-5.773192000000002,1.15,6.9
1.075,0.6749999999999999,-5.957548000000003,1.27,7.62
1.075,0.6499999999999999,-6.062393999999994,1.4,8.4
1.075,0.625,-6.192466000000003,1.54,9.24
1.075,0.6,-6.344054,1.67,10.02
1.075,0.575,-6.439316000000002,1.8,10.8
1.075,0.5499999999999999,-6.556722000000001,1.94,11.64
1.075,0.5249999999999999,-6.648084000000001,2.06,12.36
1.075,0.5,-6.777368000000003,2.2,13.2
1.05,1.5,-3.197982000000003,0.04,0.24
1.05,1.475,-2.2945080000000004,0.04,0.24
1.05,1.45,-2.294394000000004,0.04,0.24
1.05,1.425,-2.2959560000000003,0.04,0.24
1.05,1.4,-2.2968019999999996,0.04,0.24
1.05,1.375,-2.290866000000001,0.04,0.24
1.05,1.35,-2.286594000000001,0.04,0.24
1.05,1.325,-2.291885999999998,0.04,0.24
1.05,1.3,-2.2844140000000017,0.04,0.24
1.05,1.275,-2.2852640000000015,0.04,0.24
1.05,1.25,-2.2868920000000017,0.05,0.3
1.05,1.225,-2.288132000000001,0.05,0.3
1.05,1.2,-2.2907720000000005,0.05,0.3
1.05,1.175,-2.299800000000001,0.05,0.3
1.05,1.15,-2.298210000000001,0.05,0.3
1.05,1.125,-2.301567999999996,0.05,0.3
1.05,1.1,-2.3105059999999966,0.06,0.36
1.05,1.075,-2.332822,0.07,0.42
1.05,1.05,-2.359064,0.08,0.48
1.05,1.025,-2.4020420000000016,0.11,0.66
1.05,1.0,-2.454830000000001,0.14,0.84
1.05,0.975,-2.5647219999999997,0.18,1.08
1.05,0.95,-2.6391139999999993,0.22,1.32
1.05,0.9249999999999999,-2.7504920000000013,0.28,1.68
1.05,0.8999999999999999,-2.900917999999997,0.35,2.1
1.05,0.875,-3.009573999999997,0.42,2.52
1.05,0.85,-3.163680000000003,0.51,3.06
1.05,0.825,-3.298791999999999,0.6,3.6
1.05,0.7999999999999999,-3.498269999999998,0.7,4.2
1.05,0.7749999999999999,-3.6783280000000005,0.8,4.8
1.05,0.75,-3.824670000000001,0.91,5.46
1.05,0.725,-4.086291999999997,1.03,6.18
1.05,0.7,-4.2345299999999995,1.16,6.96
1.05,0.6749999999999999,-4.420928,1.28,7.68
1.05,0.6499999999999999,-4.631474000000001,1.41,8.46
1.05,0.625,-4.787921999999998,1.54,9.24
1.05,0.6,-4.962630000000001,1.67,10.02
1.05,0.575,-5.168654,1.81,10.86
1.05,0.5499999999999999,-5.300917999999999,1.94,11.64
1.05,0.5249999999999999,-5.452829999999999,2.07,12.42
1.05,0.5,-5.569918000000001,2.2,13.2
1.025,1.5,-0.5425400000000025,0.06,0.36
1.025,1.475,0.7364519999999999,0.06,0.36
1.025,1.45,0.7358140000000013,0.06,0.36
1.025,1.425,0.7311319999999988,0.06,0.36
1.025,1.4,0.7363779999999984,0.06,0.36
1.025,1.375,0.7261279999999992,0.06,0.36
1.025,1.35,0.7351440000000018,0.06,0.36
1.025,1.325,0.7376579999999997,0.06,0.36
1.025,1.3,0.7350779999999979,0.06,0.36
1.025,1.275,0.7335020000000014,0.06,0.36
1.025,1.25,0.7438660000000006,0.06,0.36
1.025,1.225,0.7407839999999979,0.06,0.36
1.025,1.2,0.724178000000002,0.07,0.42
1.025,1.175,0.7310039999999987,0.07,0.42
1.025,1.15,0.7255680000000027,0.07,0.42
1.025,1.125,0.7172859999999979,0.07,0.42
1.025,1.1,0.7017300000000013,0.08,0.48
1.025,1.075,0.691194000000003,0.09,0.54
1.025,1.05,0.6395660000000021,0.1,0.6
1.025,1.025,0.5955480000000009,0.12,0.72
1.025,1.0,0.4986280000000036,0.15,0.9
1.025,0.975,0.39376999999999995,0.19,1.14
1.025,0.95,0.28730999999999796,0.24,1.44
1.025,0.9249999999999999,0.11163399999999868,0.3,1.8
1.025,0.8999999999999999,-0.061401999999997514,0.37,2.22
1.025,0.875,-0.21440799999999882,0.44,2.64
1.025,0.85,-0.5107319999999973,0.52,3.12
1.025,0.825,-0.690800000000003,0.61,3.66
1.025,0.7999999999999999,-0.9361159999999984,0.71,4.26
1.025,0.7749999999999999,-1.2446020000000004,0.82,4.92
1.025,0.75,-1.451119999999996,0.92,5.52
1.025,0.725,-1.7236219999999989,1.04,6.24
1.025,0.7,-2.0007699999999957,1.17,7.02
1.025,0.6749999999999999,-2.2637579999999993,1.29,7.74
1.025,0.6499999999999999,-2.529527999999999,1.42,8.52
1.025,0.625,-2.7673179999999995,1.55,9.3
1.025,0.6,-3.0412660000000002,1.68,10.08
1.025,0.575,-3.2823639999999976,1.82,10.92
1.025,0.5499999999999999,-3.4790059999999983,1.95,11.7
1.025,0.5249999999999999,-3.745026000000003,2.08,12.48
1.025,0.5,-3.9621239999999993,2.21,13.26
1.0,1.5,1.0938559999999953,0.09,0.54
1.0,1.475,4.500844000000001,0.09,0.54
1.0,1.45,4.5059039999999975,0.09,0.54
1.0,1.425,4.504634000000001,0.09,0.54
1.0,1.4,4.510713999999998,0.09,0.54
1.0,1.375,4.513625999999999,0.09,0.54
1.0,1.35,4.502178000000001,0.09,0.54
1.0,1.325,4.49761,0.09,0.54
1.0,1.3,4.497036,0.09,0.54
1.0,1.275,4.4953959999999995,0.09,0.54
1.0,1.25,4.499008,0.09,0.54
1.0,1.225,4.5027539999999995,0.09,0.54
1.0,1.2,4.496703999999999,0.09,0.54
1.0,1.175,4.493003999999999,0.1,0.6
1.0,1.15,4.497448,0.1,0.6
1.0,1.125,4.486727999999999,0.1,0.6
1.0,1.1,4.455239999999998,0.11,0.66
1.0,1.075,4.442640000000001,0.12,0.72
1.0,1.05,4.396064000000001,0.13,0.78
1.0,1.025,4.3232659999999985,0.15,0.9
1.0,1.0,4.259124,0.18,1.08
1.0,0.975,4.140943999999999,0.22,1.32
1.0,0.95,3.992268000000003,0.27,1.62
1.0,0.9249999999999999,3.816980000000001,0.32,1.92
1.0,0.8999999999999999,3.6164260000000006,0.39,2.34
1.0,0.875,3.394677999999999,0.46,2.76
1.0,0.85,3.1867160000000005,0.55,3.3
1.0,0.825,2.873201999999999,0.64,3.84
1.0,0.7999999999999999,2.5795519999999996,0.73,4.38
1.0,0.7749999999999999,2.2538839999999993,0.84,5.04
1.0,0.75,1.8655700000000017,0.95,5.7
1.0,0.725,1.5656339999999993,1.06,6.36
1.0,0.7,1.2032680000000013,1.18,7.08
1.0,0.6749999999999999,0.8331759999999981,1.31,7.86
1.0,0.6499999999999999,0.47713199999999745,1.44,8.64
1.0,0.625,0.11329600000000184,1.57,9.42
1.0,0.6,-0.16738799999999898,1.7,10.2
1.0,0.575,-0.5743100000000005,1.83,10.98
1.0,0.5499999999999999,-0.9092899999999986,1.96,11.76
1.0,0.5249999999999999,-1.167586,2.09,12.54
1.0,0.5,-1.5557000000000016,2.22,13.32
0.975,1.5,5.949932,0.13,0.78
0.975,1.475,7.836307999999999,0.13,0.78
0.975,1.45,7.843436000000002,0.13,0.78
0.975,1.425,7.845319999999999,0.13,0.78
0.975,1.4,7.842817999999999,0.13,0.78
0.975,1.375,7.843788,0.13,0.78
0.975,1.35,7.84864,0.13,0.78
0.975,1.325,7.846444,0.13,0.78
0.975,1.3,7.836360000000001,0.13,0.78
0.975,1.275,7.841312,0.13,0.78
0.975,1.25,7.839391999999998,0.13,0.78
0.975,1.225,7.8282039999999995,0.13,0.78
0.975,1.2,7.830145999999999,0.13,0.78
0.975,1.175,7.841164000000001,0.13,0.78
0.975,1.15,7.8260760000000005,0.14,0.84
0.975,1.125,7.821932,0.14,0.84
0.975,1.1,7.806166000000001,0.14,0.84
0.975,1.075,7.7833380000000005,0.15,0.9
0.975,1.05,7.742174,0.17,1.02
0.975,1.025,7.697661999999999,0.19,1.14
0.975,1.0,7.6344400000000014,0.22,1.32
0.975,0.975,7.558636000000002,0.26,1.56
0.975,0.95,7.417304,0.3,1.8
0.975,0.9249999999999999,7.295902,0.36,2.16
0.975,0.8999999999999999,7.119876,0.43,2.58
0.975,0.875,6.932821999999998,0.5,3.0
0.975,0.85,6.712394,0.58,3.48
0.975,0.825,6.467111999999997,0.67,4.02
0.975,0.7999999999999999,6.209268,0.76,4.56
0.975,0.7749999999999999,5.917420000000002,0.87,5.22
0.975,0.75,5.651612,0.97,5.82
0.975,0.725,5.20445,1.09,6.54
0.975,0.7,4.918914000000001,1.21,7.26
0.975,0.6749999999999999,4.539652,1.33,7.98
0.975,0.6499999999999999,4.063478,1.46,8.76
0.975,0.625,3.744068000000002,1.59,9.54
0.975,0.6,3.3378980000000027,1.72,10.32
0.975,0.575,2.924302000000001,1.85,11.1
0.975,0.5499999999999999,2.524356000000001,1.98,11.88
0.975,0.5249999999999999,2.126505999999999,2.11,12.66
0.975,0.5,1.7932900000000025,2.24,13.44
0.95,1.5,10.6774614,0.18,1.08
0.95,1.475,10.683167399999999,0.18,1.08
0.95,1.45,10.6782748,0.18,1.08
0.95,1.425,10.6729026,0.18,1.08
0.95,1.4,10.6807344,0.18,1.08
0.95,1.375,10.6799004,0.18,1.08
0.95,1.35,10.677202,0.18,1.08
0.95,1.325,10.678944999999999,0.18,1.08
0.95,1.3,10.680963,0.18,1.08
0.95,1.275,10.675706600000002,0.18,1.08
0.95,1.25,10.6790986,0.18,1.08
0.95,1.225,10.669103199999999,0.18,1.08
0.95,1.2,10.6681098,0.18,1.08
0.95,1.175,10.6676958,0.18,1.08
0.95,1.15,10.667675999999998,0.19,1.14
0.95,1.125,10.6643018,0.19,1.14
0.95,1.1,10.6571002,0.19,1.14
0.95,1.075,10.638551,0.2,1.2
0.95,1.05,10.5977586,0.22,1.32
0.95,1.025,10.563309799999999,0.24,1.44
0.95,1.0,10.4880864,0.27,1.62
0.95,0.975,10.4062254,0.3,1.8
0.95,0.95,10.3313896,0.35,2.1
0.95,0.9249999999999999,10.1887626,0.41,2.46
0.95,0.8999999999999999,10.0475898,0.47,2.82
0.95,0.875,9.8842074,0.54,3.24
0.95,0.85,9.704241999999999,0.62,3.72
0.95,0.825,9.505954,0.71,4.26
0.95,0.7999999999999999,9.298442,0.8,4.8
0.95,0.7749999999999999,9.054992,0.91,5.46
0.95,0.75,8.813798,1.01,6.06
0.95,0.725,8.550904,1.13,6.78
0.95,0.7,8.227512,1.25,7.5
0.95,0.6749999999999999,8.094434,1.37,8.22
0.95,0.6499999999999999,8.08679,1.5,9.0
0.95,0.625,8.19187,1.63,9.78
0.95,0.6,8.200425999999998,1.76,10.56
0.95,0.575,8.0597,1.89,11.34
0.95,0.5499999999999999,7.819536000000001,2.02,12.12
0.95,0.5249999999999999,7.220476,2.15,12.9
0.95,0.5,6.571743999999999,2.27,13.62
0.9249999999999999,1.5,11.9585928,0.24,1.44
0.9249999999999999,1.475,13.341795600000001,0.24,1.44
0.9249999999999999,1.45,13.3409598,0.24,1.44
0.9249999999999999,1.425,13.3331112,0.24,1.44
0.9249999999999999,1.4,13.3373824,0.24,1.44
0.9249999999999999,1.375,13.3381542,0.24,1.44
0.9249999999999999,1.35,13.336797,0.24,1.44
0.9249999999999999,1.325,13.337006599999999,0.24,1.44
0.9249999999999999,1.3,13.343287,0.24,1.44
0.9249999999999999,1.275,13.3389896,0.24,1.44
0.9249999999999999,1.25,13.329522200000001,0.24,1.44
0.9249999999999999,1.225,13.3335384,0.24,1.44
0.9249999999999999,1.2,13.3271672,0.24,1.44
0.9249999999999999,1.175,13.3278804,0.24,1.44
0.9249999999999999,1.15,13.3276164,0.25,1.5
0.9249999999999999,1.125,13.3227552,0.25,1.5
0.9249999999999999,1.1,13.3118096,0.25,1.5
0.9249999999999999,1.075,13.2995686,0.26,1.56
0.9249999999999999,1.05,13.2678876,0.28,1.68
0.9249999999999999,1.025,13.2324494,0.3,1.8
0.9249999999999999,1.0,13.153077,0.33,1.98
0.9249999999999999,0.975,13.0937754,0.36,2.16
0.9249999999999999,0.95,12.998935399999999,0.41,2.46
0.9249999999999999,0.9249999999999999,12.9064742,0.46,2.76
0.9249999999999999,0.8999999999999999,12.7492694,0.52,3.12
0.9249999999999999,0.875,12.593601600000001,0.59,3.54
0.9249999999999999,0.85,12.4606152,0.67,4.02
0.9249999999999999,0.825,12.2596572,0.76,4.56
0.9249999999999999,0.7999999999999999,12.377244000000001,0.86,5.16
0.9249999999999999,0.7749999999999999,12.681877,0.97,5.82
0.9249999999999999,0.75,13.1257962,1.08,6.48
0.9249999999999999,0.725,13.486844399999999,1.2,7.2
0.9249999999999999,0.7,13.7931342,1.33,7.98
0.9249999999999999,0.6749999999999999,13.955109,1.45,8.7
0.9249999999999999,0.6499999999999999,14.1433676,1.58,9.48
0.9249999999999999,0.625,14.223797600000001,1.71,10.26
0.9249999999999999,0.6,14.2508122,1.84,11.04
0.9249999999999999,0.575,14.2167468,1.97,11.82
0.9249999999999999,0.5499999999999999,14.1205522,2.1,12.6
0.9249999999999999,0.5249999999999999,14.00894,2.23,13.38
0.9249999999999999,0.5,13.7876948,2.35,14.1
0.8999999999999999,1.5,15.2991256,0.31,1.86
0.8999999999999999,1.475,15.6813296,0.31,1.86
0.8999999999999999,1.45,15.6799508,0.31,1.86
0.8999999999999999,1.425,15.6779572,0.31,1.86
0.8999999999999999,1.4,15.6772164,0.31,1.86
0.8999999999999999,1.375,15.668735999999999,0.31,1.86
0.8999999999999999,1.35,15.672911200000001,0.31,1.86
0.8999999999999999,1.325,15.6752444,0.31,1.86
0.8999999999999999,1.3,15.676787,0.31,1.86
0.8999999999999999,1.275,15.6800838,0.31,1.86
0.8999999999999999,1.25,15.6780856,0.31,1.86
0.8999999999999999,1.225,15.673751800000002,0.31,1.86
0.8999999999999999,1.2,15.675804,0.31,1.86
0.8999999999999999,1.175,15.6741886,0.31,1.86
0.8999999999999999,1.15,15.6714706,0.31,1.86
0.8999999999999999,1.125,15.6627936,0.32,1.92
0.8999999999999999,1.1,15.6603174,0.32,1.92
0.8999999999999999,1.075,15.6479278,0.33,1.98
0.8999999999999999,1.05,15.6256728,0.34,2.04
0.8999999999999999,1.025,15.5801384,0.36,2.16
0.8999999999999999,1.0,15.5400108,0.39,2.34
0.8999999999999999,0.975,15.4793186,0.43,2.58
0.8999999999999999,0.95,15.4002822,0.47,2.82
0.8999999999999999,0.9249999999999999,15.3079858,0.53,3.18
0.8999999999999999,0.8999999999999999,15.1998036,0.59,3.54
0.8999999999999999,0.875,15.0998372,0.66,3.96
0.8999999999999999,0.85,15.045586799999999,0.74,4.44
0.8999999999999999,0.825,15.360268600000001,0.83,4.98
0.8999999999999999,0.7999999999999999,15.6452542,0.93,5.58
0.8999999999999999,0.7749999999999999,16.0759654,1.04,6.24
0.8999999999999999,0.75,16.3732376,1.15,6.9
0.8999999999999999,0.725,16.6284138,1.27,7.62
0.8999999999999999,0.7,16.8669192,1.4,8.4
0.8999999999999999,0.6749999999999999,16.984150800000002,1.52,9.12
0.8999999999999999,0.6499999999999999,17.1037666,1.65,9.9
0.8999999999999999,0.625,17.1528622,1.78,10.68
0.8999999999999999,0.6,17.184779,1.91,11.46
0.8999999999999999,0.575,17.1678092,2.04,12.24
0.8999999999999999,0.5499999999999999,17.1254106,2.17,13.02
0.8999999999999999,0.5249999999999999,17.015189200000002,2.3,13.8
0.8999999999999999,0.5,16.9177378,2.43,14.58
0.875,1.5,17.4473902,0.38,2.28
0.875,1.475,17.5864542,0.38,2.28
0.875,1.45,17.5890464,0.38,2.28
0.875,1.425,17.5897,0.38,2.28
0.875,1.4,17.582661,0.38,2.28
0.875,1.375,17.585881,0.38,2.28
0.875,1.35,17.5863924,0.38,2.28
0.875,1.325,17.5843324,0.38,2.28
0.875,1.3,17.5849036,0.38,2.28
0.875,1.275,17.5894264,0.38,2.28
0.875,1.25,17.5857932,0.38,2.28
0.875,1.225,17.5863408,0.38,2.28
0.875,1.2,17.5818702,0.38,2.28
0.875,1.175,17.5832968,0.38,2.28
0.875,1.15,17.576682599999998,0.38,2.28
0.875,1.125,17.5742742,0.39,2.34
0.875,1.1,17.5695962,0.39,2.34
0.875,1.075,17.5603644,0.4,2.4
0.875,1.05,17.5373216,0.41,2.46
0.875,1.025,17.5178346,0.43,2.58
0.875,1.0,17.4749988,0.46,2.76
0.875,0.975,17.4115176,0.5,3.0
0.875,0.95,17.3608008,0.54,3.24
0.875,0.9249999999999999,17.2766902,0.59,3.54
0.875,0.8999999999999999,17.20515,0.65,3.9
0.875,0.875,17.153134,0.72,4.32
0.875,0.85,17.4130762,0.81,4.86
0.875,0.825,17.679819,0.91,5.46
0.875,0.7999999999999999,18.038067,1.01,6.06
0.875,0.7749999999999999,18.3160118,1.12,6.72
0.875,0.75,18.5473974,1.23,7.38
0.875,0.725,18.781868,1.35,8.1
0.875,0.7,18.8922862,1.47,8.82
0.875,0.6749999999999999,18.99338282,1.59,9.54
0.875,0.6499999999999999,19.07443334,1.72,10.32
0.875,0.625,19.0946671,1.85,11.1
0.875,0.6,19.09961852,1.98,11.88
0.875,0.575,19.07025132,2.11,12.66
0.875,0.5499999999999999,19.02768472,2.24,13.44
0.875,0.5249999999999999,18.96101336,2.36,14.16
0.875,0.5,18.8932888,2.49,14.94
0.85,1.5,19.16190904,0.45,2.7
0.85,1.475,19.23777668,0.45,2.7
0.85,1.45,19.23704614,0.45,2.7
0.85,1.425,19.2396509,0.46,2.76
0.85,1.4,19.24238026,0.46,2.76
0.85,1.375,19.24207572,0.46,2.76
0.85,1.35,19.23969914,0.46,2.76
0.85,1.325,19.24020508,0.46,2.76
0.85,1.3,19.23861936,0.46,2.76
0.85,1.275,19.23589642,0.46,2.76
0.85,1.25,19.23918576,0.46,2.76
0.85,1.225,19.2374048,0.46,2.76
0.85,1.2,19.23788986,0.46,2.76
0.85,1.175,19.23788292,0.46,2.76
0.85,1.15,19.23651854,0.46,2.76
0.85,1.125,19.22877732,0.46,2.76
0.85,1.1,19.22455282,0.47,2.82
0.85,1.075,19.21326152,0.48,2.88
0.85,1.05,19.19644384,0.49,2.94
0.85,1.025,19.17711566,0.51,3.06
0.85,1.0,19.14304194,0.53,3.18
0.85,0.975,19.10292964,0.57,3.42
0.85,0.95,19.05047442,0.61,3.66
0.85,0.9249999999999999,18.9853969,0.67,4.02
0.85,0.8999999999999999,18.9419758,0.73,4.38
0.85,0.875,19.03877386,0.8,4.8
0.85,0.85,19.36316506,0.89,5.34
0.85,0.825,19.58203914,0.98,5.88
0.85,0.7999999999999999,19.79561026,1.08,6.48
0.85,0.7749999999999999,20.02036941,1.19,7.14
0.85,0.75,20.180751734,1.3,7.8
0.85,0.725,20.28928634,1.42,8.52
0.85,0.7,20.36710952,1.54,9.24
0.85,0.6749999999999999,20.4045559,1.67,10.02
0.85,0.6499999999999999,20.41854556,1.79,10.74
0.85,0.625,20.41852236,1.92,11.52
0.85,0.6,20.39586406,2.05,12.3
0.85,0.575,20.36121256,2.18,13.08
0.85,0.5499999999999999,20.30320434,2.3,13.8
0.85,0.5249999999999999,20.25680098,2.43,14.58
0.85,0.5,20.18684178,2.55,15.3
0.825,1.5,20.64568366,0.53,3.18
0.825,1.475,20.64211108,0.53,3.18
0.825,1.45,20.6420858,0.53,3.18
0.825,1.425,20.63976068,0.53,3.18
0.825,1.4,20.6418223,0.53,3.18
0.825,1.375,20.64073606,0.53,3.18
0.825,1.35,20.6396686,0.54,3.24
0.825,1.325,20.64134822,0.54,3.24
0.825,1.3,20.63997798,0.54,3.24
0.825,1.275,20.64021878,0.54,3.24
0.825,1.25,20.63901982,0.54,3.24
0.825,1.225,20.63814084,0.54,3.24
0.825,1.2,20.63536256,0.54,3.24
0.825,1.175,20.63540672,0.54,3.24
0.825,1.15,20.63711782,0.54,3.24
0.825,1.125,20.63527486,0.54,3.24
0.825,1.1,20.62986046,0.55,3.3
0.825,1.075,20.62396342,0.55,3.3
0.825,1.05,20.60990864,0.57,3.42
0.825,1.025,20.59189868,0.59,3.54
0.825,1.0,20.56259946,0.61,3.66
0.825,0.975,20.526419,0.65,3.9
0.825,0.95,20.48116546,0.69,4.14
0.825,0.9249999999999999,20.427074,0.74,4.44
0.825,0.8999999999999999,20.47133056,0.8,4.8
0.825,0.875,20.5695491,0.88,5.28
0.825,0.85,20.80294446,0.96,5.76
0.825,0.825,20.95173648,1.06,6.36
0.825,0.7999999999999999,21.104160659999998,1.16,6.96
0.825,0.7749999999999999,21.1944528,1.26,7.56
0.825,0.75,21.2921564,1.37,8.22
0.825,0.725,21.3351702,1.49,8.94
0.825,0.7,21.3594338,1.61,9.66
0.825,0.6749999999999999,21.3533956,1.74,10.44
0.825,0.6499999999999999,21.335397,1.86,11.16
0.825,0.625,21.3041628,1.99,11.94
0.825,0.6,21.258486,2.12,12.72
0.825,0.575,21.210142,2.24,13.44
0.825,0.5499999999999999,21.1640998,2.37,14.22
0.825,0.5249999999999999,21.0993958,2.5,15.0
0.825,0.5,21.0407894,2.62,15.72
0.7999999999999999,1.5,21.6705968,0.61,3.66
0.7999999999999999,1.475,21.8267328,0.61,3.66
0.7999999999999999,1.45,21.8272904,0.61,3.66
0.7999999999999999,1.425,21.8249718,0.61,3.66
0.7999999999999999,1.4,21.824167,0.61,3.66
0.7999999999999999,1.375,21.822489,0.61,3.66
0.7999999999999999,1.35,21.8210322,0.62,3.72
0.7999999999999999,1.325,21.8203846,0.62,3.72
0.7999999999999999,1.3,21.8210544,0.62,3.72
0.7999999999999999,1.275,21.8226584,0.62,3.72
0.7999999999999999,1.25,21.8237312,0.62,3.72
0.7999999999999999,1.225,21.824052000000002,0.62,3.72
0.7999999999999999,1.2,21.8199614,0.62,3.72
0.7999999999999999,1.175,21.816226,0.62,3.72
0.7999999999999999,1.15,21.8155856,0.62,3.72
0.7999999999999999,1.125,21.8123508,0.62,3.72
0.7999999999999999,1.1,21.8087934,0.63,3.78
0.7999999999999999,1.075,21.8034854,0.63,3.78
0.7999999999999999,1.05,21.7975456,0.65,3.9
0.7999999999999999,1.025,21.7813844,0.66,3.96
0.7999999999999999,1.0,21.7480988,0.69,4.14
0.7999999999999999,0.975,21.7243538,0.72,4.32
0.7999999999999999,0.95,21.681803,0.76,4.56
0.7999999999999999,0.9249999999999999,21.6455186,0.82,4.92
0.7999999999999999,0.8999999999999999,21.6944182,0.88,5.28
0.7999999999999999,0.875,21.7811684,0.95,5.7
0.7999999999999999,0.85,21.880771,1.04,6.24
0.7999999999999999,0.825,21.9691724,1.13,6.78
0.7999999999999999,0.7999999999999999,22.0388858,1.23,7.38
0.7999999999999999,0.7749999999999999,22.0802576,1.33,7.98
0.7999999999999999,0.75,22.0928804,1.44,8.64
0.7999999999999999,0.725,22.0830948,1.56,9.36
0.7999999999999999,0.7,22.0582414,1.68,10.08
0.7999999999999999,0.6749999999999999,22.0122974,1.81,10.86
0.7999999999999999,0.6499999999999999,21.9582524,1.93,11.58
0.7999999999999999,0.625,21.9119934,2.06,12.36
0.7999999999999999,0.6,21.8262246,2.18,13.08
0.7999999999999999,0.575,21.7768598,2.31,13.84
0.7999999999999999,0.5499999999999999,21.712567,2.44,14.62
0.7999999999999999,0.5249999999999999,21.6470438,2.56,15.33
0.7999999999999999,0.5,21.5938258,2.68,16.05
0.7749999999999999,1.5,22.615399,0.7,4.2
0.7749999999999999,1.475,22.8700228,0.7,4.2
0.7749999999999999,1.45,22.8693948,0.7,4.2
0.7749999999999999,1.425,22.866456200000002,0.7,4.2
0.7749999999999999,1.4,22.8665434,0.7,4.2
0.7749999999999999,1.375,22.868312,0.7,4.2
0.7749999999999999,1.35,22.86862,0.7,4.2
0.7749999999999999,1.325,22.8646664,0.7,4.2
0.7749999999999999,1.3,22.8638326,0.7,4.2
0.7749999999999999,1.275,22.86324,0.7,4.2
0.7749999999999999,1.25,22.860944,0.7,4.2
0.7749999999999999,1.225,22.862772800000002,0.7,4.2
0.7749999999999999,1.2,22.8601584,0.7,4.2
0.7749999999999999,1.175,22.8585666,0.7,4.2
0.7749999999999999,1.15,22.8598602,0.7,4.2
0.7749999999999999,1.125,22.8581248,0.71,4.26
0.7749999999999999,1.1,22.8552748,0.71,4.26
0.7749999999999999,1.075,22.851028200000002,0.72,4.32
0.7749999999999999,1.05,22.8418058,0.73,4.38
0.7749999999999999,1.025,22.8273306,0.75,4.5
0.7749999999999999,1.0,22.8067508,0.77,4.62
0.7749999999999999,0.975,22.7779762,0.8,4.8
0.7749999999999999,0.95,22.7464688,0.85,5.1
0.7749999999999999,0.9249999999999999,22.7228644,0.9,5.4
0.7749999999999999,0.8999999999999999,22.7338654,0.96,5.76
0.7749999999999999,0.875,22.7598556,1.03,6.18
0.7749999999999999,0.85,22.7877164,1.11,6.66
0.7749999999999999,0.825,22.801965199999998,1.21,7.26
0.7749999999999999,0.7999999999999999,22.796298,1.31,7.86
0.7749999999999999,0.7749999999999999,22.7714136,1.41,8.46
0.7749999999999999,0.75,22.729035,1.52,9.12
0.7749999999999999,0.725,22.6787806,1.64,9.84
0.7749999999999999,0.7,22.581274999999998,1.76,10.56
0.7749999999999999,0.6749999999999999,22.519665,1.88,11.28
0.7749999999999999,0.6499999999999999,22.4359116,2.01,12.04
0.7749999999999999,0.625,22.3345668,2.13,12.76
0.7749999999999999,0.6,22.2706548,2.26,13.54
0.7749999999999999,0.575,22.1925272,2.38,14.26
0.7749999999999999,0.5499999999999999,22.1336514,2.51,15.03
0.7749999999999999,0.5249999999999999,22.052995,2.63,15.75
0.7749999999999999,0.5,21.9901844,2.75,16.47
0.75,1.5,23.3985282,0.78,4.68
0.75,1.475,23.725371,0.78,4.68
0.75,1.45,23.724773,0.78,4.68
0.75,1.425,23.7239582,0.78,4.68
0.75,1.4,23.7195236,0.78,4.68
0.75,1.375,23.7217988,0.78,4.68
0.75,1.35,23.7205006,0.78,4.68
0.75,1.325,23.7179282,0.78,4.68
0.75,1.3,23.7200678,0.78,4.68
0.75,1.275,23.7208338,0.78,4.68
0.75,1.25,23.7202694,0.78,4.68
0.75,1.225,23.7201938,0.78,4.68
0.75,1.2,23.720733,0.78,4.68
0.75,1.175,23.7182024,0.78,4.68
0.75,1.15,23.715434,0.78,4.68
0.75,1.125,23.7152174,0.79,4.74
0.75,1.1,23.7120328,0.79,4.74
0.75,1.075,23.708355,0.8,4.8
0.75,1.05,23.7007538,0.81,4.86
0.75,1.025,23.6909636,0.83,4.98
0.75,1.0,23.6785346,0.85,5.1
0.75,0.975,23.6534424,0.88,5.28
0.75,0.95,23.624885,0.92,5.52
0.75,0.9249999999999999,23.5903536,0.97,5.82
0.75,0.8999999999999999,23.5643356,1.03,6.18
0.75,0.875,23.5387606,1.11,6.66
0.75,0.85,23.5047326,1.19,7.14
0.75,0.825,23.4511086,1.29,7.74
0.75,0.7999999999999999,23.382668,1.39,8.34
0.75,0.7749999999999999,23.3193058,1.49,8.94
0.75,0.75,23.2093894,1.6,9.6
0.75,0.725,23.107335,1.72,10.32
0.75,0.7,23.0213228,1.84,11.04
0.75,0.6749999999999999,22.8905322,1.96,11.74
0.75,0.6499999999999999,22.7794158,2.09,12.52
0.75,0.625,22.6974434,2.21,13.24
0.75,0.6,22.5808154,2.34,14.02
0.75,0.575,22.4905514,2.46,14.74
0.75,0.5499999999999999,22.4053396,2.58,15.45
0.75,0.5249999999999999,22.334106,2.7,16.17
0.75,0.5,22.2678246,2.83,16.95
0.725,1.5,23.8713168,0.86,5.16
0.725,1.475,24.4475044,0.86,5.16
0.725,1.45,24.4458172,0.86,5.16
0.725,1.425,24.443634799999998,0.86,5.16
0.725,1.4,24.4421636,0.86,5.16
0.725,1.375,24.4429238,0.86,5.16
0.725,1.35,24.4426664,0.86,5.16
0.725,1.325,24.4422732,0.86,5.16
0.725,1.3,24.4403494,0.86,5.16
0.725,1.275,24.4398836,0.86,5.16
0.725,1.25,24.4388284,0.86,5.16
0.725,1.225,24.4366244,0.86,5.16
0.725,1.2,24.438303400000002,0.86,5.16
0.725,1.175,24.4385216,0.86,5.16
0.725,1.15,24.436562600000002,0.86,5.16
0.725,1.125,24.4370698,0.87,5.22
0.725,1.1,24.434202,0.87,5.22
0.725,1.075,24.4301648,0.88,5.28
0.725,1.05,24.424451,0.89,5.34
0.725,1.025,24.4137146,0.91,5.46
0.725,1.0,24.4010486,0.93,5.58
0.725,0.975,24.383068,0.96,5.76
0.725,0.95,24.3619924,1.0,6.0
0.725,0.9249999999999999,24.3400382,1.05,6.3
0.725,0.8999999999999999,24.2866346,1.11,6.66
0.725,0.875,24.212549799999998,1.18,7.08
0.725,0.85,24.106301600000002,1.27,7.62
0.725,0.825,23.9601286,1.37,8.22
0.725,0.7999999999999999,23.8621792,1.47,8.82
0.725,0.7749999999999999,23.7274394,1.58,9.48
0.725,0.75,23.5664488,1.69,10.14
0.725,0.725,23.4599692,1.81,10.84
0.725,0.7,23.324325,1.93,11.56
0.725,0.6749999999999999,23.1694276,2.05,12.28
0.725,0.6499999999999999,23.0744646,2.17,13.0
0.725,0.625,22.9539444,2.3,13.78
0.725,0.6,22.869705,2.42,14.5
0.725,0.575,22.7489552,2.54,15.21
0.725,0.5499999999999999,22.6578632,2.66,15.93
0.725,0.5249999999999999,22.5959356,2.78,16.65
0.725,0.5,22.494488,2.9,17.37
0.7,1.5,24.5142754,0.94,5.64
0.7,1.475,25.010632,0.94,5.64
0.7,1.45,25.0076376,0.94,5.64
0.7,1.425,25.006201400000002,0.94,5.64
0.7,1.4,25.005586,0.94,5.64
0.7,1.375,25.004033,0.94,5.64
0.7,1.35,25.003406599999998,0.94,5.64
0.7,1.325,25.0026444,0.94,5.64
0.7,1.3,25.0023956,0.94,5.64
0.7,1.275,25.002167999999998,0.94,5.64
0.7,1.25,25.002042799999998,0.94,5.64
0.7,1.225,25.0021792,0.94,5.64
0.7,1.2,25.0007606,0.94,5.64
0.7,1.175,24.999425799999997,0.94,5.64
0.7,1.15,24.9983602,0.94,5.64
0.7,1.125,24.9975296,0.95,5.7
0.7,1.1,24.9954038,0.95,5.7
0.7,1.075,24.9928062,0.96,5.76
0.7,1.05,24.986482799999997,0.97,5.82
0.7,1.025,24.9815288,0.98,5.88
0.7,1.0,24.971479000000002,1.01,6.06
0.7,0.975,24.959094999999998,1.04,6.24
0.7,0.95,24.9382894,1.08,6.48
0.7,0.9249999999999999,24.917447199999998,1.13,6.78
0.7,0.8999999999999999,24.8646082,1.19,7.14
0.7,0.875,24.7561982,1.26,7.56
0.7,0.85,24.594066599999998,1.35,8.1
0.7,0.825,24.4118014,1.45,8.7
0.7,0.7999999999999999,24.2161126,1.56,9.36
0.7,0.7749999999999999,24.0768594,1.67,10.02
0.7,0.75,23.913605399999998,1.78,10.66
0.7,0.725,23.7267684,1.89,11.32
0.7,0.7,23.6123868,2.01,12.04
0.7,0.6749999999999999,23.4719838,2.13,12.76
0.7,0.6499999999999999,23.3680738,2.25,13.48
0.7,0.625,23.213329,2.38,14.26
0.7,0.6,23.1004652,2.5,14.97
0.7,0.575,22.990987,2.62,15.69
0.7,0.5499999999999999,22.880549,2.74,16.41
0.7,0.5249999999999999,22.8090338,2.86,17.13
0.7,0.5,22.7284398,2.98,17.85
0.6749999999999999,1.5,24.9264194,1.02,6.12
0.6749999999999999,1.475,25.4720672,1.02,6.12
0.6749999999999999,1.45,25.4695788,1.02,6.12
0.6749999999999999,1.425,25.4686358,1.02,6.12
0.6749999999999999,1.4,25.4681308,1.02,6.12
0.6749999999999999,1.375,25.4669684,1.02,6.12
0.6749999999999999,1.35,25.4665888,1.02,6.12
0.6749999999999999,1.325,25.4648784,1.02,6.12
0.6749999999999999,1.3,25.4652886,1.02,6.12
0.6749999999999999,1.275,25.464506,1.02,6.12
0.6749999999999999,1.25,25.463085200000002,1.02,6.12
0.6749999999999999,1.225,25.4629464,1.02,6.12
0.6749999999999999,1.2,25.4629846,1.02,6.12
0.6749999999999999,1.175,25.4617236,1.02,6.12
0.6749999999999999,1.15,25.4623806,1.02,6.12
0.6749999999999999,1.125,25.459923,1.03,6.18
0.6749999999999999,1.1,25.4581546,1.03,6.18
0.6749999999999999,1.075,25.4568596,1.04,6.24
0.6749999999999999,1.05,25.452446600000002,1.05,6.3
0.6749999999999999,1.025,25.4467674,1.06,6.36
0.6749999999999999,1.0,25.439317799999998,1.09,6.54
0.6749999999999999,0.975,25.428801999999997,1.12,6.72
0.6749999999999999,0.95,25.4145962,1.16,6.96
0.6749999999999999,0.9249999999999999,25.394519199999998,1.21,7.26
0.6749999999999999,0.8999999999999999,25.3288646,1.27,7.62
0.6749999999999999,0.875,25.222205,1.35,8.1
0.6749999999999999,0.85,24.9863936,1.44,8.64
0.6749999999999999,0.825,24.779433599999997,1.55,9.3
0.6749999999999999,0.7999999999999999,24.5755718,1.65,9.9
0.6749999999999999,0.7749999999999999,24.386438599999998,1.76,10.56
0.6749999999999999,0.75,24.2040198,1.87,11.2
0.6749999999999999,0.725,24.0297806,1.98,11.86
0.6749999999999999,0.7,23.868636,2.1,12.58
0.6749999999999999,0.6749999999999999,23.715111,2.22,13.3
0.6749999999999999,0.6499999999999999,23.6003864,2.34,14.02
0.6749999999999999,0.625,23.3988702,2.46,14.74
0.6749999999999999,0.6,23.3014002,2.59,15.51
0.6749999999999999,0.575,23.1823428,2.71,16.23
0.6749999999999999,0.5499999999999999,23.0523852,2.83,16.95
0.6749999999999999,0.5249999999999999,22.981519,2.95,17.67
0.6749999999999999,0.5,22.8980746,3.07,18.39
0.6499999999999999,1.5,25.2698772,1.1,6.6
0.6499999999999999,1.475,25.845343200000002,1.1,6.6
0.6499999999999999,1.45,25.840871399999997,1.1,6.6
0.6499999999999999,1.425,25.8400566,1.1,6.6
0.6499999999999999,1.4,25.839279599999998,1.1,6.6
0.6499999999999999,1.375,25.8390676,1.1,6.6
0.6499999999999999,1.35,25.8384384,1.1,6.6
0.6499999999999999,1.325,25.8368994,1.1,6.6
0.6499999999999999,1.3,25.8367862,1.11,6.66
0.6499999999999999,1.275,25.8362708,1.11,6.66
0.6499999999999999,1.25,25.8341074,1.11,6.66
0.6499999999999999,1.225,25.835639999999998,1.11,6.66
0.6499999999999999,1.2,25.8352042,1.11,6.66
0.6499999999999999,1.175,25.8339536,1.11,6.66
0.6499999999999999,1.15,25.8339346,1.11,6.66
0.6499999999999999,1.125,25.8333394,1.11,6.66
0.6499999999999999,1.1,25.831547800000003,1.11,6.66
0.6499999999999999,1.075,25.830113400000002,1.12,6.72
0.6499999999999999,1.05,25.8272538,1.13,6.78
0.6499999999999999,1.025,25.8224476,1.15,6.9
0.6499999999999999,1.0,25.8136796,1.17,7.02
0.6499999999999999,0.975,25.8055928,1.2,7.2
0.6499999999999999,0.95,25.7925686,1.24,7.44
0.6499999999999999,0.9249999999999999,25.7525098,1.29,7.74
0.6499999999999999,0.8999999999999999,25.676372,1.36,8.16
0.6499999999999999,0.875,25.5277518,1.44,8.64
0.6499999999999999,0.85,25.3212524,1.54,9.24
0.6499999999999999,0.825,25.0852084,1.64,9.84
0.6499999999999999,0.7999999999999999,24.9115854,1.74,10.44
0.6499999999999999,0.7749999999999999,24.654316,1.84,11.02
0.6499999999999999,0.75,24.4563482,1.95,11.68
0.6499999999999999,0.725,24.2637896,2.07,12.4
0.6499999999999999,0.7,24.0393808,2.19,13.12
0.6499999999999999,0.6749999999999999,23.9070808,2.31,13.84
0.6499999999999999,0.6499999999999999,23.733514,2.43,14.56
0.6499999999999999,0.625,23.5502498,2.56,15.33
0.6499999999999999,0.6,23.4316206,2.68,16.05
0.6499999999999999,0.575,23.2937234,2.81,16.83
0.6499999999999999,0.5499999999999999,23.1986918,2.93,17.55
0.6499999999999999,0.5249999999999999,23.0641382,3.05,18.27
0.6499999999999999,0.5,22.9650316,3.17,18.99
0.625,1.5,24.8879426,1.19,7.14
0.625,1.475,26.169058800000002,1.19,7.14
0.625,1.45,26.1659802,1.19,7.14
0.625,1.425,26.1642576,1.19,7.14
0.625,1.4,26.1628318,1.19,7.14
0.625,1.375,26.160695,1.19,7.14
0.625,1.35,26.1610918,1.19,7.14
0.625,1.325,26.159351,1.19,7.14
0.625,1.3,26.1596558,1.19,7.14
0.625,1.275,26.1589268,1.19,7.14
0.625,1.25,26.1585408,1.2,7.2
0.625,1.225,26.1587108,1.2,7.2
0.625,1.2,26.1578316,1.2,7.2
0.625,1.175,26.1570428,1.2,7.2
0.625,1.15,26.156159799999998,1.2,7.2
0.625,1.125,26.1552866,1.2,7.2
0.625,1.1,26.1537534,1.2,7.2
0.625,1.075,26.151855599999998,1.21,7.26
0.625,1.05,26.1497236,1.22,7.32
0.625,1.025,26.1462624,1.24,7.44
0.625,1.0,26.1398036,1.26,7.56
0.625,0.975,26.133262600000002,1.29,7.74
0.625,0.95,26.1139144,1.33,7.98
0.625,0.9249999999999999,26.073166999999998,1.38,8.28
0.625,0.8999999999999999,25.970745,1.45,8.7
0.625,0.875,25.8150302,1.54,9.24
0.625,0.85,25.5922688,1.63,9.78
0.625,0.825,25.3052026,1.73,10.38
0.625,0.7999999999999999,25.1221704,1.83,10.98
0.625,0.7749999999999999,24.883107799999998,1.94,11.62
0.625,0.75,24.673436600000002,2.05,12.28
0.625,0.725,24.4548372,2.17,13.0
0.625,0.7,24.2389236,2.29,13.72
0.625,0.6749999999999999,24.0797686,2.41,14.44
0.625,0.6499999999999999,23.838458199999998,2.54,15.21
0.625,0.625,23.649238,2.66,15.93
0.625,0.6,23.4750116,2.79,16.71
0.625,0.575,23.2842366,2.92,17.49
0.625,0.5499999999999999,23.1798268,3.04,18.21
0.625,0.5249999999999999,23.048716,3.17,18.99
0.625,0.5,22.8220458,3.2,18.53
0.6,1.5,25.7253658,1.28,7.68
0.6,1.475,26.4460346,1.28,7.68
0.6,1.45,26.443747,1.29,7.74
0.6,1.425,26.4410034,1.29,7.74
0.6,1.4,26.440499000000003,1.29,7.74
0.6,1.375,26.4397212,1.29,7.74
0.6,1.35,26.4386352,1.29,7.74
0.6,1.325,26.4382498,1.29,7.74
0.6,1.3,26.4363332,1.29,7.74
0.6,1.275,26.4366534,1.29,7.74
0.6,1.25,26.4361362,1.29,7.74
0.6,1.225,26.435147,1.29,7.74
0.6,1.2,26.4354532,1.29,7.74
0.6,1.175,26.4353884,1.29,7.74
0.6,1.15,26.4342778,1.29,7.74
0.6,1.125,26.4331104,1.29,7.74
0.6,1.1,26.4323458,1.3,7.8
0.6,1.075,26.429911,1.3,7.8
0.6,1.05,26.427962,1.31,7.86
0.6,1.025,26.423980399999998,1.33,7.98
0.6,1.0,26.418916799999998,1.35,8.1
0.6,0.975,26.408101600000002,1.38,8.28
0.6,0.95,26.3732404,1.42,8.52
0.6,0.9249999999999999,26.3087116,1.48,8.88
0.6,0.8999999999999999,26.2018122,1.55,9.3
0.6,0.875,26.0429996,1.63,9.78
0.6,0.85,25.8216526,1.73,10.38
0.6,0.825,25.6289778,1.83,10.98
0.6,0.7999999999999999,25.287219,1.93,11.56
0.6,0.7749999999999999,25.0733928,2.04,12.22
0.6,0.75,24.8212658,2.15,12.88
0.6,0.725,24.5828948,2.26,13.54
0.6,0.7,24.331183,2.39,14.32
0.6,0.6749999999999999,24.110513,2.52,15.09
0.6,0.6499999999999999,23.8635364,2.65,15.87
0.6,0.625,23.6414612,2.79,16.71
0.6,0.6,23.4950238,2.91,17.43
0.6,0.575,23.2753714,3.04,18.21
0.6,0.5499999999999999,23.1085922,3.17,18.99
0.6,0.5249999999999999,22.906541999999998,3.2,18.5
0.6,0.5,22.5051544,3.2,17.6
0.575,1.5,25.8591088,1.38,8.28
0.575,1.475,26.7022104,1.38,8.28
0.575,1.45,26.6995666,1.38,8.28
0.575,1.425,26.697363,1.38,8.28
0.575,1.4,26.6950804,1.38,8.28
0.575,1.375,26.6944978,1.38,8.28
0.575,1.35,26.6935456,1.38,8.28
0.575,1.325,26.692681999999998,1.38,8.28
0.575,1.3,26.6928066,1.38,8.28
0.575,1.275,26.6924016,1.39,8.34
0.575,1.25,26.6917716,1.39,8.34
0.575,1.225,26.6907188,1.39,8.34
0.575,1.2,26.6908886,1.39,8.34
0.575,1.175,26.6893982,1.39,8.34
0.575,1.15,26.6883434,1.39,8.34
0.575,1.125,26.6878074,1.39,8.34
0.575,1.1,26.6873858,1.39,8.34
0.575,1.075,26.6855048,1.4,8.4
0.575,1.05,26.68367,1.41,8.46
0.575,1.025,26.6803454,1.42,8.52
0.575,1.0,26.6753578,1.44,8.64
0.575,0.975,26.6497546,1.48,8.88
0.575,0.95,26.6004116,1.52,9.12
0.575,0.9249999999999999,26.541139,1.58,9.48
0.575,0.8999999999999999,26.3750254,1.65,9.9
0.575,0.875,26.2347538,1.73,10.38
0.575,0.85,26.0132552,1.83,10.98
0.575,0.825,25.8170182,1.92,11.52
0.575,0.7999999999999999,25.4977002,2.03,12.16
0.575,0.7749999999999999,25.2140962,2.14,12.82
0.575,0.75,24.987342599999998,2.25,13.48
0.575,0.725,24.6541534,2.38,14.26
0.575,0.7,24.363796999999998,2.51,15.03
0.575,0.6749999999999999,24.1469558,2.65,15.87
0.575,0.6499999999999999,23.750223,2.81,16.83
0.575,0.625,23.5685644,2.94,17.61
0.575,0.6,23.3582908,3.07,18.39
0.575,0.575,23.1913224,3.2,19.17
0.575,0.5499999999999999,22.737188,3.2,18.18
0.575,0.5249999999999999,22.3346586,3.2,17.34
0.575,0.5,22.0961456,3.2,16.54
0.5499999999999999,1.5,26.0701414,1.49,8.94
0.5499999999999999,1.475,26.9332228,1.49,8.94
0.5499999999999999,1.45,26.9303012,1.49,8.94
0.5499999999999999,1.425,26.9272748,1.49,8.94
0.5499999999999999,1.4,26.926848200000002,1.49,8.94
0.5499999999999999,1.375,26.9256546,1.49,8.94
0.5499999999999999,1.35,26.9250108,1.49,8.94
0.5499999999999999,1.325,26.924746,1.49,8.94
0.5499999999999999,1.3,26.9248932,1.49,8.94
0.5499999999999999,1.275,26.923687,1.49,8.94
0.5499999999999999,1.25,26.9232142,1.49,8.94
0.5499999999999999,1.225,26.9224746,1.49,8.94
0.5499999999999999,1.2,26.9219316,1.49,8.94
0.5499999999999999,1.175,26.9219968,1.49,8.94
0.5499999999999999,1.15,26.920244,1.5,9.0
0.5499999999999999,1.125,26.9192988,1.5,9.0
0.5499999999999999,1.1,26.9183946,1.5,9.0
0.5499999999999999,1.075,26.917206200000003,1.51,9.06
0.5499999999999999,1.05,26.9154852,1.52,9.12
0.5499999999999999,1.025,26.911862,1.53,9.18
0.5499999999999999,1.0,26.8942956,1.55,9.3
0.5499999999999999,0.975,26.8642264,1.59,9.54
0.5499999999999999,0.95,26.7961934,1.63,9.78
0.5499999999999999,0.9249999999999999,26.7011912,1.7,10.2
0.5499999999999999,0.8999999999999999,26.59553,1.77,10.62
0.5499999999999999,0.875,26.391032,1.85,11.1
0.5499999999999999,0.85,26.1692144,1.94,11.64
0.5499999999999999,0.825,25.9640646,2.04,12.22
0.5499999999999999,0.7999999999999999,25.6201554,2.15,12.88
0.5499999999999999,0.7749999999999999,25.297676799999998,2.27,13.6
0.5499999999999999,0.75,24.9665748,2.39,14.32
0.5499999999999999,0.725,24.5807328,2.52,15.09
0.5499999999999999,0.7,24.3075976,2.66,15.93
0.5499999999999999,0.6749999999999999,23.9937234,2.81,16.83
0.5499999999999999,0.6499999999999999,23.7029076,2.95,17.67
0.5499999999999999,0.625,23.485359,3.09,18.51
0.5499999999999999,0.6,23.221066999999998,3.2,19.01
0.5499999999999999,0.575,22.6945898,3.2,17.98
0.5499999999999999,0.5499999999999999,22.2086674,3.2,17.15
0.5499999999999999,0.5249999999999999,21.892196,3.2,16.38
0.5499999999999999,0.5,21.750556,3.2,15.65
0.5249999999999999,1.5,26.9249102,1.6,9.6
0.5249999999999999,1.475,27.1280438,1.6,9.6
0.5249999999999999,1.45,27.1229928,1.6,9.6
0.5249999999999999,1.425,27.121577600000002,1.6,9.6
0.5249999999999999,1.4,27.119399,1.6,9.6
0.5249999999999999,1.375,27.1184938,1.6,9.6
0.5249999999999999,1.35,27.119227,1.6,9.6
0.5249999999999999,1.325,27.1179356,1.6,9.6
0.5249999999999999,1.3,27.1167214,1.6,9.6
0.5249999999999999,1.275,27.116867,1.6,9.6
0.5249999999999999,1.25,27.1158892,1.6,9.6
0.5249999999999999,1.225,27.1145544,1.6,9.6
0.5249999999999999,1.2,27.1140044,1.6,9.6
0.5249999999999999,1.175,27.1133044,1.6,9.6
0.5249999999999999,1.15,27.111922200000002,1.6,9.6
0.5249999999999999,1.125,27.11207,1.61,9.66
0.5249999999999999,1.1,27.110720399999998,1.61,9.66
0.5249999999999999,1.075,27.1098692,1.61,9.66
0.5249999999999999,1.05,27.1073228,1.62,9.72
0.5249999999999999,1.025,27.0966366,1.64,9.84
0.5249999999999999,1.0,27.067865,1.66,9.96
0.5249999999999999,0.975,27.0319468,1.7,10.2
0.5249999999999999,0.95,26.9470234,1.74,10.44
0.5249999999999999,0.9249999999999999,26.8487698,1.81,10.86
0.5249999999999999,0.8999999999999999,26.7133758,1.88,11.28
0.5249999999999999,0.875,26.5279292,1.96,11.76
0.5249999999999999,0.85,26.2992936,2.05,12.3
0.5249999999999999,0.825,26.0633692,2.15,12.88
0.5249999999999999,0.7999999999999999,25.715806399999998,2.26,13.54
0.5249999999999999,0.7749999999999999,25.3554138,2.39,14.32
0.5249999999999999,0.75,25.064325,2.52,15.09
0.5249999999999999,0.725,24.5071776,2.66,15.93
0.5249999999999999,0.7,24.2363058,2.82,16.89
0.5249999999999999,0.6749999999999999,23.9156608,2.96,17.73
0.5249999999999999,0.6499999999999999,23.594512599999998,3.11,18.63
0.5249999999999999,0.625,23.2765672,3.2,18.82
0.5249999999999999,0.6,22.6585268,3.2,17.76
0.5249999999999999,0.575,22.121143,3.2,16.86
0.5249999999999999,0.5499999999999999,21.738784,3.2,16.1
0.5249999999999999,0.5249999999999999,21.4927266,3.2,15.39
0.5249999999999999,0.5,21.4183792,3.2,14.72
0.5,1.5,26.1179986,1.71,10.26
0.5,1.475,27.2886212,1.71,10.26
0.5,1.45,27.2824328,1.71,10.26
0.5,1.425,27.279495400000002,1.71,10.26
0.5,1.4,27.2782234,1.71,10.26
0.5,1.375,27.2763122,1.71,10.26
0.5,1.35,27.2751098,1.71,10.26
0.5,1.325,27.274354,1.71,10.26
0.5,1.3,27.274809400000002,1.71,10.26
0.5,1.275,27.2741162,1.71,10.26
0.5,1.25,27.2735884,1.71,10.26
0.5,1.225,27.272359,1.71,10.26
0.5,1.2,27.2720502,1.71,10.26
0.5,1.175,27.2713142,1.71,10.26
0.5,1.15,27.2706174,1.71,10.26
0.5,1.125,27.2702522,1.71,10.26
0.5,1.1,27.268763200000002,1.72,10.32
0.5,1.075,27.2670906,1.72,10.32
0.5,1.05,27.259959,1.73,10.38
0.5,1.025,27.2418608,1.75,10.5
0.5,1.0,27.210820599999998,1.77,10.62
0.5,0.975,27.1592938,1.81,10.86
0.5,0.95,27.1011548,1.85,11.1
0.5,0.9249999999999999,26.9491272,1.91,11.46
0.5,0.8999999999999999,26.8251838,1.98,11.88
0.5,0.875,26.6831586,2.06,12.36
0.5,0.85,26.3559642,2.16,12.96
0.5,0.825,26.1233978,2.26,13.54
0.5,0.7999999999999999,25.766951,2.38,14.26
0.5,0.7749999999999999,25.2763886,2.51,15.03
0.5,0.75,24.953748400000002,2.66,15.93
0.5,0.725,24.5194378,2.82,16.89
0.5,0.7,24.1056038,2.97,17.79
0.5,0.6749999999999999,23.8804266,3.12,18.69
0.5,0.6499999999999999,23.3478534,3.2,18.62
0.5,0.625,22.8286952,3.2,17.5
0.5,0.6,22.1430532,3.2,16.64
0.5,0.575,21.779567,3.2,15.9
0.5,0.5499999999999999,21.5525022,3.2,15.23
0.5,0.5249999999999999,21.2658986,3.2,14.53
0.5,0.5,21.2044578,3.2,13.86
