SynthHD Pro power [dBm],vg1 [V],det power [dBm],amp current [A],amp power [W]
-25.0,1.5,-42.11989,0.01,0.06
-25.0,1.475,-43.37008800000001,0.01,0.06
-25.0,1.45,-43.857708,0.01,0.06
-25.0,1.425,-44.20754600000001,0.01,0.06
-25.0,1.4,-44.463027999999994,0.01,0.06
-25.0,1.375,-44.84567000000001,0.01,0.06
-25.0,1.35,-44.833444000000014,0.01,0.06
-25.0,1.325,-44.702968,0.01,0.06
-25.0,1.3,-44.822126,0.01,0.06
-25.0,1.275,-44.783947999999995,0.01,0.06
-25.0,1.25,-44.690383999999995,0.01,0.06
-25.0,1.225,-44.61313200000001,0.01,0.06
-25.0,1.2,-44.536820000000006,0.01,0.06
-25.0,1.175,-44.57942600000001,0.01,0.06
-25.0,1.15,-44.53412999999999,0.01,0.06
-25.0,1.125,-44.497866,0.01,0.06
-25.0,1.1,-44.43911,0.01,0.06
-25.0,1.075,-44.4966,0.01,0.06
-25.0,1.05,-44.524992,0.01,0.06
-25.0,1.025,-44.509817999999996,0.01,0.06
-25.0,1.0,-44.52637,0.01,0.06
-25.0,0.975,-44.515823999999995,0.01,0.06
-25.0,0.95,-44.384150000000005,0.01,0.06
-25.0,0.9249999999999999,-43.907096,0.02,0.12
-25.0,0.8999999999999999,-42.727918,0.03,0.18
-25.0,0.875,-40.11247999999999,0.04,0.24
-25.0,0.85,-33.963837999999996,0.06,0.36
-25.0,0.825,-19.000204000000004,0.09,0.54
-25.0,0.7999999999999999,-14.995970000000007,0.13,0.78
-25.0,0.7749999999999999,-11.810658,0.18,1.08
-25.0,0.75,-10.238314000000003,0.25,1.5
-25.0,0.725,-8.436551999999999,0.33,1.98
-25.0,0.7,-7.338156000000005,0.42,2.52
-25.0,0.6749999999999999,-6.459464000000004,0.52,3.12
-25.0,0.6499999999999999,-5.894334000000004,0.64,3.84
-25.0,0.625,-5.200201999999997,0.76,4.56
-25.0,0.6,-4.787687999999996,0.88,5.28
-25.0,0.575,-4.467704000000001,1.02,6.12
-25.0,0.5499999999999999,-4.285428,1.17,7.02
-25.0,0.5249999999999999,-4.078178000000001,1.32,7.92
-25.0,0.5,-3.957090000000001,1.47,8.82
-24.4,1.5,-35.67461000000001,0.01,0.06
-24.4,1.475,-43.99740200000001,0.01,0.06
-24.4,1.45,-43.676918,0.01,0.06
-24.4,1.425,-43.326548,0.01,0.06
-24.4,1.4,-43.390506,0.01,0.06
-24.4,1.375,-43.71725,0.01,0.06
-24.4,1.35,-43.858694,0.01,0.06
-24.4,1.325,-44.027996,0.01,0.06
-24.4,1.3,-43.945803999999995,0.01,0.06
-24.4,1.275,-43.86938200000001,0.01,0.06
-24.4,1.25,-43.87092399999999,0.01,0.06
-24.4,1.225,-43.786595999999996,0.01,0.06
-24.4,1.2,-43.794323999999996,0.01,0.06
-24.4,1.175,-43.811648000000005,0.01,0.06
-24.4,1.15,-43.738374,0.01,0.06
-24.4,1.125,-43.71567,0.01,0.06
-24.4,1.1,-43.662612,0.01,0.06
-24.4,1.075,-43.678192,0.01,0.06
-24.4,1.05,-43.674246,0.01,0.06
-24.4,1.025,-43.727987999999996,0.01,0.06
-24.4,1.0,-43.753460000000004,0.01,0.06
-24.4,0.975,-43.703782000000004,0.01,0.06
-24.4,0.95,-43.587458000000005,0.01,0.06
-24.4,0.9249999999999999,-43.209770000000006,0.02,0.12
-24.4,0.8999999999999999,-41.973766,0.03,0.18
-24.4,0.875,-39.61702799999999,0.04,0.24
-24.4,0.85,-35.023488,0.06,0.36
-24.4,0.825,-17.223501999999996,0.09,0.54
-24.4,0.7999999999999999,-13.52561,0.13,0.78
-24.4,0.7749999999999999,-11.348561999999998,0.18,1.08
-24.4,0.75,-8.979368000000001,0.25,1.5
-24.4,0.725,-7.589509999999997,0.33,1.98
-24.4,0.7,-6.534095999999998,0.42,2.52
-24.4,0.6749999999999999,-5.853490000000001,0.52,3.12
-24.4,0.6499999999999999,-5.018963999999997,0.63,3.78
-24.4,0.625,-4.478591999999999,0.76,4.56
-24.4,0.6,-4.081952000000001,0.88,5.28
-24.4,0.575,-3.8373799999999996,1.02,6.12
-24.4,0.5499999999999999,-3.5642799999999966,1.17,7.02
-24.4,0.5249999999999999,-3.4121320000000033,1.32,7.92
-24.4,0.5,-3.288328,1.47,8.82
-23.8,1.5,-26.521429999999995,0.01,0.06
-23.8,1.475,-41.725221999999995,0.01,0.06
-23.8,1.45,-42.275778,0.01,0.06
-23.8,1.425,-42.529994,0.01,0.06
-23.8,1.4,-42.66624399999999,0.01,0.06
-23.8,1.375,-42.679944,0.01,0.06
-23.8,1.35,-42.626383999999995,0.01,0.06
-23.8,1.325,-42.59226199999999,0.01,0.06
-23.8,1.3,-42.518626,0.01,0.06
-23.8,1.275,-42.44786999999999,0.01,0.06
-23.8,1.25,-42.414441999999994,0.01,0.06
-23.8,1.225,-42.432069999999996,0.01,0.06
-23.8,1.2,-42.454786,0.01,0.06
-23.8,1.175,-42.446810000000006,0.01,0.06
-23.8,1.15,-42.434354,0.01,0.06
-23.8,1.125,-42.427346,0.01,0.06
-23.8,1.1,-42.414926,0.01,0.06
-23.8,1.075,-42.434802000000005,0.01,0.06
-23.8,1.05,-42.45997200000001,0.01,0.06
-23.8,1.025,-42.438656,0.01,0.06
-23.8,1.0,-42.418774,0.01,0.06
-23.8,0.975,-42.377926,0.01,0.06
-23.8,0.95,-42.202814000000004,0.01,0.06
-23.8,0.9249999999999999,-41.75842,0.02,0.12
-23.8,0.8999999999999999,-40.766868,0.03,0.18
-23.8,0.875,-37.996708,0.04,0.24
-23.8,0.85,-31.213466000000004,0.06,0.36
-23.8,0.825,-16.04298,0.09,0.54
-23.8,0.7999999999999999,-13.059618,0.13,0.78
-23.8,0.7749999999999999,-9.762836000000004,0.19,1.14
-23.8,0.75,-7.943377999999996,0.25,1.5
-23.8,0.725,-6.603957999999999,0.33,1.98
-23.8,0.7,-5.786396000000003,0.42,2.52
-23.8,0.6749999999999999,-4.784831999999998,0.53,3.18
-23.8,0.6499999999999999,-4.1425920000000005,0.64,3.84
-23.8,0.625,-3.625437999999999,0.76,4.56
-23.8,0.6,-3.3198539999999994,0.88,5.28
-23.8,0.575,-2.959536,1.03,6.18
-23.8,0.5499999999999999,-2.761526,1.17,7.02
-23.8,0.5249999999999999,-2.618894000000001,1.33,7.98
-23.8,0.5,-2.5233479999999986,1.48,8.88
-23.2,1.5,-33.07017,0.01,0.06
-23.2,1.475,-41.416833999999994,0.01,0.06
-23.2,1.45,-41.553520000000006,0.01,0.06
-23.2,1.425,-41.529646,0.01,0.06
-23.2,1.4,-41.471686,0.01,0.06
-23.2,1.375,-41.414207999999995,0.01,0.06
-23.2,1.35,-41.391586,0.01,0.06
-23.2,1.325,-41.334286,0.01,0.06
-23.2,1.3,-41.31712,0.01,0.06
-23.2,1.275,-41.28950199999999,0.01,0.06
-23.2,1.25,-41.225973999999994,0.01,0.06
-23.2,1.225,-41.213518,0.01,0.06
-23.2,1.2,-41.26083199999999,0.01,0.06
-23.2,1.175,-41.29594999999999,0.01,0.06
-23.2,1.15,-41.33489999999999,0.01,0.06
-23.2,1.125,-41.371050000000004,0.01,0.06
-23.2,1.1,-41.36327200000001,0.01,0.06
-23.2,1.075,-41.364192,0.01,0.06
-23.2,1.05,-41.390888,0.01,0.06
-23.2,1.025,-41.40500000000001,0.01,0.06
-23.2,1.0,-41.38309399999999,0.01,0.06
-23.2,0.975,-41.32088,0.01,0.06
-23.2,0.95,-41.131043999999996,0.01,0.06
-23.2,0.9249999999999999,-40.763964,0.02,0.12
-23.2,0.8999999999999999,-39.49975400000001,0.03,0.18
-23.2,0.875,-36.66262400000001,0.04,0.24
-23.2,0.85,-29.882165999999998,0.06,0.36
-23.2,0.825,-15.661774000000001,0.09,0.54
-23.2,0.7999999999999999,-11.128228,0.13,0.78
-23.2,0.7749999999999999,-8.562248,0.19,1.14
-23.2,0.75,-6.800086000000004,0.25,1.5
-23.2,0.725,-5.753005999999999,0.33,1.98
-23.2,0.7,-4.545971999999999,0.42,2.52
-23.2,0.6749999999999999,-3.77506,0.53,3.18
-23.2,0.6499999999999999,-3.161065999999998,0.64,3.84
-23.2,0.625,-2.7675839999999994,0.76,4.56
-23.2,0.6,-2.318173999999999,0.88,5.28
-23.2,0.575,-2.048748,1.03,6.18
-23.2,0.5499999999999999,-1.8641739999999984,1.17,7.02
-23.2,0.5249999999999999,-1.7589539999999992,1.33,7.98
-23.2,0.5,-1.617922,1.48,8.88
-22.6,1.5,-32.06666399999999,0.01,0.06
-22.6,1.475,-39.956596000000005,0.01,0.06
-22.6,1.45,-40.027499999999996,0.01,0.06
-22.6,1.425,-39.992642000000004,0.01,0.06
-22.6,1.4,-39.914046,0.01,0.06
-22.6,1.375,-39.947054,0.01,0.06
-22.6,1.35,-39.951527999999996,0.01,0.06
-22.6,1.325,-39.934498,0.01,0.06
-22.6,1.3,-39.960314,0.01,0.06
-22.6,1.275,-39.92881200000001,0.01,0.06
-22.6,1.25,-39.961062000000005,0.01,0.06
-22.6,1.225,-39.96442199999999,0.01,0.06
-22.6,1.2,-39.962562000000005,0.01,0.06
-22.6,1.175,-39.96237,0.01,0.06
-22.6,1.15,-39.965334000000006,0.01,0.06
-22.6,1.125,-39.973178000000004,0.01,0.06
-22.6,1.1,-39.93966399999999,0.01,0.06
-22.6,1.075,-39.954638,0.01,0.06
-22.6,1.05,-39.984516000000006,0.01,0.06
-22.6,1.025,-39.970714,0.01,0.06
-22.6,1.0,-39.90939999999999,0.01,0.06
-22.6,0.975,-39.831222000000004,0.01,0.06
-22.6,0.95,-39.68999,0.01,0.06
-22.6,0.9249999999999999,-39.248122,0.02,0.12
-22.6,0.8999999999999999,-37.995695999999995,0.03,0.18
-22.6,0.875,-33.002222,0.04,0.24
-22.6,0.85,-20.478157999999993,0.06,0.36
-22.6,0.825,-14.368568000000003,0.09,0.54
-22.6,0.7999999999999999,-9.855863999999997,0.13,0.78
-22.6,0.7749999999999999,-7.337396000000002,0.19,1.14
-22.6,0.75,-5.936560000000004,0.25,1.5
-22.6,0.725,-4.389235999999997,0.33,1.98
-22.6,0.7,-3.4716419999999992,0.42,2.52
-22.6,0.6749999999999999,-2.742297999999998,0.53,3.18
-22.6,0.6499999999999999,-2.2752779999999966,0.64,3.84
-22.6,0.625,-1.7048240000000021,0.76,4.56
-22.6,0.6,-1.3689180000000007,0.88,5.28
-22.6,0.575,-1.1168599999999955,1.03,6.18
-22.6,0.5499999999999999,-0.9777899999999988,1.17,7.02
-22.6,0.5249999999999999,-0.8234479999999991,1.33,7.98
-22.6,0.5,-0.7132860000000001,1.48,8.88
-22.0,1.5,-30.884452000000003,0.01,0.06
-22.0,1.475,-38.751478,0.01,0.06
-22.0,1.45,-38.636326,0.01,0.06
-22.0,1.425,-38.65052599999999,0.01,0.06
-22.0,1.4,-38.70512,0.01,0.06
-22.0,1.375,-38.793588,0.01,0.06
-22.0,1.35,-38.879076,0.01,0.06
-22.0,1.325,-38.845226000000004,0.01,0.06
-22.0,1.3,-38.83108599999999,0.01,0.06
-22.0,1.275,-38.869186,0.01,0.06
-22.0,1.25,-38.868612,0.01,0.06
-22.0,1.225,-38.851796,0.01,0.06
-22.0,1.2,-38.850756000000004,0.01,0.06
-22.0,1.175,-38.858232,0.01,0.06
-22.0,1.15,-38.83880800000001,0.01,0.06
-22.0,1.125,-38.81257599999999,0.01,0.06
-22.0,1.1,-38.80908999999999,0.01,0.06
-22.0,1.075,-38.802022,0.01,0.06
-22.0,1.05,-38.777702,0.01,0.06
-22.0,1.025,-38.746286,0.01,0.06
-22.0,1.0,-38.692063999999995,0.01,0.06
-22.0,0.975,-38.630754,0.01,0.06
-22.0,0.95,-38.44729600000001,0.01,0.06
-22.0,0.9249999999999999,-37.95545,0.02,0.12
-22.0,0.8999999999999999,-36.647659999999995,0.03,0.18
-22.0,0.875,-31.956908,0.04,0.24
-22.0,0.85,-17.208785999999996,0.06,0.36
-22.0,0.825,-12.3737,0.09,0.54
-22.0,0.7999999999999999,-8.497003999999997,0.13,0.78
-22.0,0.7749999999999999,-6.47129,0.19,1.14
-22.0,0.75,-4.344301999999999,0.25,1.5
-22.0,0.725,-3.161798000000001,0.33,1.98
-22.0,0.7,-2.291001999999999,0.42,2.52
-22.0,0.6749999999999999,-1.7347819999999992,0.53,3.18
-22.0,0.6499999999999999,-1.0544019999999996,0.64,3.84
-22.0,0.625,-0.622601999999997,0.76,4.56
-22.0,0.6,-0.3050420000000038,0.88,5.28
-22.0,0.575,-0.11609599999999887,1.03,6.18
-22.0,0.5499999999999999,0.08867800000000159,1.17,7.02
-22.0,0.5249999999999999,0.20163000000000153,1.33,7.98
-22.0,0.5,0.3111460000000008,1.48,8.88
-21.4,1.5,-21.626506000000006,0.01,0.06
-21.4,1.475,-37.161662,0.01,0.06
-21.4,1.45,-37.159878000000006,0.01,0.06
-21.4,1.425,-37.226186000000006,0.01,0.06
-21.4,1.4,-37.221810000000005,0.01,0.06
-21.4,1.375,-37.210105999999996,0.01,0.06
-21.4,1.35,-37.212123999999996,0.01,0.06
-21.4,1.325,-37.229616,0.01,0.06
-21.4,1.3,-37.209306000000005,0.01,0.06
-21.4,1.275,-37.213117999999994,0.01,0.06
-21.4,1.25,-37.207426,0.01,0.06
-21.4,1.225,-37.217265999999995,0.01,0.06
-21.4,1.2,-37.230751999999995,0.01,0.06
-21.4,1.175,-37.21650199999999,0.01,0.06
-21.4,1.15,-37.202432,0.01,0.06
-21.4,1.125,-37.194458,0.01,0.06
-21.4,1.1,-37.188574,0.01,0.06
-21.4,1.075,-37.185608,0.01,0.06
-21.4,1.05,-37.175292,0.01,0.06
-21.4,1.025,-37.164930000000005,0.01,0.06
-21.4,1.0,-37.138914,0.01,0.06
-21.4,0.975,-37.068687999999995,0.01,0.06
-21.4,0.95,-36.866648,0.01,0.06
-21.4,0.9249999999999999,-36.37817600000001,0.02,0.12
-21.4,0.8999999999999999,-35.31945800000001,0.03,0.18
-21.4,0.875,-32.424854,0.04,0.24
-21.4,0.85,-15.29607,0.06,0.36
-21.4,0.825,-10.537209999999998,0.09,0.54
-21.4,0.7999999999999999,-7.681403999999997,0.13,0.78
-21.4,0.7749999999999999,-4.574285999999997,0.19,1.14
-21.4,0.75,-2.9416280000000015,0.25,1.5
-21.4,0.725,-1.7927479999999996,0.33,1.98
-21.4,0.7,-1.1136799999999987,0.42,2.52
-21.4,0.6749999999999999,-0.2978780000000043,0.53,3.18
-21.4,0.6499999999999999,0.22060799999999858,0.64,3.84
-21.4,0.625,0.6320639999999997,0.76,4.56
-21.4,0.6,0.8725640000000006,0.88,5.28
-21.4,0.575,1.1537800000000011,1.03,6.18
-21.4,0.5499999999999999,1.3009920000000008,1.17,7.02
-21.4,0.5249999999999999,1.408815999999998,1.33,7.98
-21.4,0.5,1.4907140000000005,1.48,8.88
-20.8,1.5,-27.691418,0.01,0.06
-20.8,1.475,-35.33174,0.01,0.06
-20.8,1.45,-35.42541200000001,0.01,0.06
-20.8,1.425,-35.494574,0.01,0.06
-20.8,1.4,-35.49486,0.01,0.06
-20.8,1.375,-35.446597999999994,0.01,0.06
-20.8,1.35,-35.417538,0.01,0.06
-20.8,1.325,-35.424065999999996,0.01,0.06
-20.8,1.3,-35.432961999999996,0.01,0.06
-20.8,1.275,-35.436558000000005,0.01,0.06
-20.8,1.25,-35.42891800000001,0.01,0.06
-20.8,1.225,-35.419952,0.01,0.06
-20.8,1.2,-35.41056,0.01,0.06
-20.8,1.175,-35.408404,0.01,0.06
-20.8,1.15,-35.409718,0.01,0.06
-20.8,1.125,-35.408868000000005,0.01,0.06
-20.8,1.1,-35.402528000000004,0.01,0.06
-20.8,1.075,-35.394174,0.01,0.06
-20.8,1.05,-35.376186,0.01,0.06
-20.8,1.025,-35.35501000000001,0.01,0.06
-20.8,1.0,-35.308178,0.01,0.06
-20.8,0.975,-35.22119,0.01,0.06
-20.8,0.95,-35.021514,0.01,0.06
-20.8,0.9249999999999999,-34.601882,0.02,0.12
-20.8,0.8999999999999999,-33.305786,0.03,0.18
-20.8,0.875,-18.944204,0.04,0.24
-20.8,0.85,-13.468289999999996,0.06,0.36
-20.8,0.825,-9.634464000000001,0.09,0.54
-20.8,0.7999999999999999,-5.227338,0.13,0.78
-20.8,0.7749999999999999,-2.802108000000004,0.19,1.14
-20.8,0.75,-1.1973559999999992,0.25,1.5
-20.8,0.725,-0.2887639999999969,0.34,2.04
-20.8,0.7,0.7245539999999977,0.43,2.58
-20.8,0.6749999999999999,1.3554920000000017,0.53,3.18
-20.8,0.6499999999999999,1.8531740000000028,0.64,3.84
-20.8,0.625,2.1650440000000017,0.76,4.56
-20.8,0.6,2.5230439999999987,0.89,5.34
-20.8,0.575,2.7357559999999985,1.03,6.18
-20.8,0.5499999999999999,2.8783640000000013,1.17,7.02
-20.8,0.5249999999999999,2.9584180000000018,1.33,7.98
-20.8,0.5,3.0868040000000008,1.48,8.88
-20.2,1.5,-25.315045999999995,0.01,0.06
-20.2,1.475,-33.07985,0.01,0.06
-20.2,1.45,-33.09714,0.01,0.06
-20.2,1.425,-33.106438000000004,0.01,0.06
-20.2,1.4,-33.119493999999996,0.01,0.06
-20.2,1.375,-33.103282,0.01,0.06
-20.2,1.35,-33.114726000000005,0.01,0.06
-20.2,1.325,-33.12542599999999,0.01,0.06
-20.2,1.3,-33.117273999999995,0.01,0.06
-20.2,1.275,-33.10665,0.01,0.06
-20.2,1.25,-33.099087999999995,0.01,0.06
-20.2,1.225,-33.096954000000004,0.01,0.06
-20.2,1.2,-33.096242,0.01,0.06
-20.2,1.175,-33.092548,0.01,0.06
-20.2,1.15,-33.088418000000004,0.01,0.06
-20.2,1.125,-33.084236,0.01,0.06
-20.2,1.1,-33.08123599999999,0.01,0.06
-20.2,1.075,-33.075302,0.01,0.06
-20.2,1.05,-33.065914,0.01,0.06
-20.2,1.025,-33.0447,0.01,0.06
-20.2,1.0,-33.00696000000001,0.01,0.06
-20.2,0.975,-32.912344000000004,0.01,0.06
-20.2,0.95,-32.73698399999999,0.01,0.06
-20.2,0.9249999999999999,-32.224798,0.02,0.12
-20.2,0.8999999999999999,-29.039628,0.03,0.18
-20.2,0.875,-16.892772,0.04,0.24
-20.2,0.85,-12.140748000000002,0.06,0.36
-20.2,0.825,-6.336184000000003,0.09,0.54
-20.2,0.7999999999999999,-2.8797999999999995,0.13,0.78
-20.2,0.7749999999999999,-0.482841999999998,0.19,1.14
-20.2,0.75,0.8103620000000014,0.26,1.56
-20.2,0.725,2.1902019999999993,0.34,2.04
-20.2,0.7,2.9719179999999987,0.43,2.58
-20.2,0.6749999999999999,3.581482000000001,0.53,3.18
-20.2,0.6499999999999999,3.966315999999999,0.64,3.84
-20.2,0.625,4.430938000000001,0.76,4.56
-20.2,0.6,4.700477999999999,0.89,5.34
-20.2,0.575,4.908458000000001,1.03,6.18
-20.2,0.5499999999999999,5.022703999999999,1.18,7.08
-20.2,0.5249999999999999,5.152379999999999,1.33,7.98
-20.2,0.5,5.264238000000001,1.48,8.88
-19.6,1.5,-22.570258000000003,0.01,0.06
-19.6,1.475,-30.196931999999997,0.01,0.06
-19.6,1.45,-30.254202000000006,0.01,0.06
-19.6,1.425,-30.243737999999993,0.01,0.06
-19.6,1.4,-30.231076,0.01,0.06
-19.6,1.375,-30.220695999999997,0.01,0.06
-19.6,1.35,-30.214894,0.01,0.06
-19.6,1.325,-30.215868,0.01,0.06
-19.6,1.3,-30.209902,0.01,0.06
-19.6,1.275,-30.208298,0.01,0.06
-19.6,1.25,-30.205240000000003,0.01,0.06
-19.6,1.225,-30.204638000000003,0.01,0.06
-19.6,1.2,-30.201522000000004,0.01,0.06
-19.6,1.175,-30.198142000000004,0.01,0.06
-19.6,1.15,-30.193952000000003,0.01,0.06
-19.6,1.125,-30.186898,0.01,0.06
-19.6,1.1,-30.180947999999994,0.01,0.06
-19.6,1.075,-30.173972,0.01,0.06
-19.6,1.05,-30.161394,0.01,0.06
-19.6,1.025,-30.136984000000005,0.01,0.06
-19.6,1.0,-30.093026000000002,0.01,0.06
-19.6,0.975,-30.007939999999998,0.01,0.06
-19.6,0.95,-29.789322,0.01,0.06
-19.6,0.9249999999999999,-23.262406,0.02,0.12
-19.6,0.8999999999999999,-19.844156000000005,0.03,0.18
-19.6,0.875,-15.544222000000005,0.04,0.24
-19.6,0.85,-8.049395999999994,0.06,0.36
-19.6,0.825,-3.4254599999999975,0.1,0.6
-19.6,0.7999999999999999,-0.015398000000001133,0.14,0.84
-19.6,0.7749999999999999,1.9343239999999966,0.19,1.14
-19.6,0.75,3.9486360000000005,0.26,1.56
-19.6,0.725,5.034925999999999,0.34,2.04
-19.6,0.7,5.802544000000001,0.43,2.58
-19.6,0.6749999999999999,6.279293999999998,0.53,3.18
-19.6,0.6499999999999999,6.859072000000001,0.64,3.84
-19.6,0.625,7.227259999999998,0.76,4.56
-19.6,0.6,7.491648000000001,0.89,5.34
-19.6,0.575,7.6522120000000005,1.03,6.18
-19.6,0.5499999999999999,7.83329,1.17,7.02
-19.6,0.5249999999999999,7.9427939999999975,1.33,7.98
-19.6,0.5,8.068029999999998,1.48,8.88
-19.0,1.5,-11.755014800000005,0.01,0.06
-19.0,1.475,-27.041408000000004,0.01,0.06
-19.0,1.45,-27.043974000000006,0.01,0.06
-19.0,1.425,-27.047748,0.01,0.06
-19.0,1.4,-27.057096,0.01,0.06
-19.0,1.375,-27.056361999999993,0.01,0.06
-19.0,1.35,-27.056213999999997,0.01,0.06
-19.0,1.325,-27.056427999999997,0.01,0.06
-19.0,1.3,-27.057066,0.01,0.06
-19.0,1.275,-27.055121999999997,0.01,0.06
-19.0,1.25,-27.052414,0.01,0.06
-19.0,1.225,-27.04714399999999,0.01,0.06
-19.0,1.2,-27.040382,0.01,0.06
-19.0,1.175,-27.032345999999997,0.01,0.06
-19.0,1.15,-27.021726,0.01,0.06
-19.0,1.125,-27.007707999999994,0.01,0.06
-19.0,1.1,-26.992019999999997,0.01,0.06
-19.0,1.075,-26.971638,0.01,0.06
-19.0,1.05,-26.934668000000002,0.01,0.06
-19.0,1.025,-26.544517999999997,0.01,0.06
-19.0,1.0,-26.203725999999996,0.01,0.06
-19.0,0.975,-25.699918000000004,0.01,0.06
-19.0,0.95,-22.819905999999996,0.01,0.06
-19.0,0.9249999999999999,-20.499270000000003,0.02,0.12
-19.0,0.8999999999999999,-17.009258000000003,0.03,0.18
-19.0,0.875,-9.872505999999998,0.04,0.24
-19.0,0.85,-4.667434000000004,0.07,0.42
-19.0,0.825,-0.18724200000000124,0.1,0.6
-19.0,0.7999999999999999,2.531967999999999,0.15,0.9
-19.0,0.7749999999999999,5.518861999999999,0.2,1.2
-19.0,0.75,7.088138000000001,0.27,1.62
-19.0,0.725,8.162944000000001,0.35,2.1
-19.0,0.7,8.788751999999999,0.44,2.64
-19.0,0.6749999999999999,9.528818,0.54,3.24
-19.0,0.6499999999999999,9.993472599999999,0.65,3.9
-19.0,0.625,10.359608,0.77,4.62
-19.0,0.6,10.574989,0.89,5.34
-19.0,0.575,10.835054,1.03,6.18
-19.0,0.5499999999999999,10.976600399999999,1.18,7.08
-19.0,0.5249999999999999,11.1000902,1.33,7.98
-19.0,0.5,11.204034,1.48,8.88
-18.4,1.5,-16.2950496,0.01,0.06
-18.4,1.475,-23.98375,0.01,0.06
-18.4,1.45,-23.975071999999997,0.01,0.06
-18.4,1.425,-23.973130000000005,0.01,0.06
-18.4,1.4,-23.970810000000007,0.01,0.06
-18.4,1.375,-23.974745999999996,0.01,0.06
-18.4,1.35,-23.96888,0.01,0.06
-18.4,1.325,-23.959671999999998,0.01,0.06
-18.4,1.3,-23.958374000000006,0.01,0.06
-18.4,1.275,-23.951308000000004,0.01,0.06
-18.4,1.25,-23.943446,0.01,0.06
-18.4,1.225,-23.934103999999998,0.01,0.06
-18.4,1.2,-23.920426000000006,0.01,0.06
-18.4,1.175,-23.900943999999996,0.01,0.06
-18.4,1.15,-23.886116,0.01,0.06
-18.4,1.125,-23.858272,0.01,0.06
-18.4,1.1,-23.808338000000006,0.01,0.06
-18.4,1.075,-23.723468000000004,0.01,0.06
-18.4,1.05,-23.570078000000002,0.01,0.06
-18.4,1.025,-23.29047200000001,0.01,0.06
-18.4,1.0,-22.597874000000004,0.01,0.06
-18.4,0.975,-21.336716000000003,0.01,0.06
-18.4,0.95,-19.159956,0.02,0.12
-18.4,0.9249999999999999,-16.622464,0.02,0.12
-18.4,0.8999999999999999,-11.020078000000002,0.03,0.18
-18.4,0.875,-5.988326000000001,0.05,0.3
-18.4,0.85,-1.0792280000000005,0.08,0.48
-18.4,0.825,2.3220419999999997,0.12,0.72
-18.4,0.7999999999999999,6.3105699999999985,0.17,1.02
-18.4,0.7749999999999999,8.609551999999999,0.23,1.38
-18.4,0.75,10.1662066,0.29,1.74
-18.4,0.725,11.056636600000001,0.37,2.22
-18.4,0.7,12.038579,0.46,2.76
-18.4,0.6749999999999999,12.6434602,0.56,3.36
-18.4,0.6499999999999999,13.1189474,0.66,3.96
-18.4,0.625,13.4184752,0.78,4.68
-18.4,0.6,13.7624748,0.9,5.4
-18.4,0.575,13.9769432,1.04,6.24
-18.4,0.5499999999999999,14.1285964,1.18,7.08
-18.4,0.5249999999999999,14.2423142,1.33,7.98
-18.4,0.5,14.4363896,1.48,8.88
-17.8,1.5,-13.779744,0.01,0.06
-17.8,1.475,-21.498165999999998,0.01,0.06
-17.8,1.45,-21.48554800000001,0.01,0.06
-17.8,1.425,-21.489658,0.01,0.06
-17.8,1.4,-21.486618,0.01,0.06
-17.8,1.375,-21.478442,0.01,0.06
-17.8,1.35,-21.470619999999997,0.01,0.06
-17.8,1.325,-21.47076,0.01,0.06
-17.8,1.3,-21.457669999999993,0.01,0.06
-17.8,1.275,-21.449383999999995,0.01,0.06
-17.8,1.25,-21.441548000000004,0.01,0.06
-17.8,1.225,-21.429032,0.01,0.06
-17.8,1.2,-21.413235999999998,0.01,0.06
-17.8,1.175,-21.376894,0.01,0.06
-17.8,1.15,-21.34879,0.01,0.06
-17.8,1.125,-21.268138,0.01,0.06
-17.8,1.1,-21.138294000000002,0.01,0.06
-17.8,1.075,-20.935834,0.01,0.06
-17.8,1.05,-20.682331999999995,0.01,0.06
-17.8,1.025,-20.089436,0.01,0.06
-17.8,1.0,-19.140658000000002,0.01,0.06
-17.8,0.975,-17.703388000000004,0.01,0.06
-17.8,0.95,-15.835327999999997,0.02,0.12
-17.8,0.9249999999999999,-11.768979999999999,0.03,0.18
-17.8,0.8999999999999999,-7.149338,0.04,0.24
-17.8,0.875,-2.3515020000000035,0.06,0.36
-17.8,0.85,1.3072979999999959,0.1,0.6
-17.8,0.825,6.056818000000002,0.14,0.84
-17.8,0.7999999999999999,8.981636,0.19,1.14
-17.8,0.7749999999999999,11.1362558,0.26,1.56
-17.8,0.75,12.377306200000001,0.32,1.92
-17.8,0.725,13.7410804,0.4,2.4
-17.8,0.7,14.536022,0.48,2.88
-17.8,0.6749999999999999,15.1621828,0.58,3.48
-17.8,0.6499999999999999,15.563119200000001,0.68,4.08
-17.8,0.625,16.0491258,0.8,4.8
-17.8,0.6,16.3321086,0.92,5.52
-17.8,0.575,16.552012,1.06,6.36
-17.8,0.5499999999999999,16.6915072,1.2,7.2
-17.8,0.5249999999999999,16.893503199999998,1.34,8.04
-17.8,0.5,17.0969464,1.49,8.94
-17.2,1.5,-11.926190379999998,0.01,0.06
-17.2,1.475,-19.677126,0.01,0.06
-17.2,1.45,-19.668295999999998,0.01,0.06
-17.2,1.425,-19.668440000000004,0.01,0.06
-17.2,1.4,-19.664466000000004,0.01,0.06
-17.2,1.375,-19.654398,0.01,0.06
-17.2,1.35,-19.654866000000005,0.01,0.06
-17.2,1.325,-19.649693999999997,0.01,0.06
-17.2,1.3,-19.64112,0.01,0.06
-17.2,1.275,-19.629697999999998,0.01,0.06
-17.2,1.25,-19.610370000000003,0.01,0.06
-17.2,1.225,-19.582839999999997,0.01,0.06
-17.2,1.2,-19.551207999999995,0.01,0.06
-17.2,1.175,-19.495790000000007,0.01,0.06
-17.2,1.15,-19.377200000000002,0.01,0.06
-17.2,1.125,-19.233172000000003,0.01,0.06
-17.2,1.1,-19.019416,0.01,0.06
-17.2,1.075,-18.770804,0.01,0.06
-17.2,1.05,-18.239931999999996,0.01,0.06
-17.2,1.025,-17.553876000000002,0.01,0.06
-17.2,1.0,-16.484384,0.01,0.06
-17.2,0.975,-15.185313999999998,0.02,0.12
-17.2,0.95,-12.173783999999998,0.02,0.12
-17.2,0.9249999999999999,-8.399849999999997,0.03,0.18
-17.2,0.8999999999999999,-3.7899860000000025,0.05,0.3
-17.2,0.875,-0.1492500000000021,0.08,0.48
-17.2,0.85,4.913165999999999,0.12,0.72
-17.2,0.825,8.383328,0.17,1.02
-17.2,0.7999999999999999,11.038538800000001,0.23,1.38
-17.2,0.7749999999999999,12.6764126,0.29,1.74
-17.2,0.75,14.4982392,0.36,2.16
-17.2,0.725,15.5660802,0.43,2.58
-17.2,0.7,16.3615782,0.51,3.06
-17.2,0.6749999999999999,16.8712576,0.61,3.66
-17.2,0.6499999999999999,17.4984466,0.71,4.26
-17.2,0.625,17.914043200000002,0.82,4.92
-17.2,0.6,18.2106802,0.94,5.64
-17.2,0.575,18.3964122,1.07,6.42
-17.2,0.5499999999999999,18.6322714,1.21,7.26
-17.2,0.5249999999999999,18.8280318,1.36,8.16
-17.2,0.5,19.04714278,1.5,9.0
-16.6,1.5,-1.9596365999999996,0.01,0.06
-16.6,1.475,-17.511234,0.01,0.06
-16.6,1.45,-17.504462000000004,0.01,0.06
-16.6,1.425,-17.503762000000002,0.01,0.06
-16.6,1.4,-17.496541999999998,0.01,0.06
-16.6,1.375,-17.493172,0.01,0.06
-16.6,1.35,-17.484251999999998,0.01,0.06
-16.6,1.325,-17.468891999999997,0.01,0.06
-16.6,1.3,-17.452020000000005,0.01,0.06
-16.6,1.275,-17.412816,0.01,0.06
-16.6,1.25,-17.364884000000004,0.01,0.06
-16.6,1.225,-17.291522,0.01,0.06
-16.6,1.2,-17.203855999999995,0.01,0.06
-16.6,1.175,-17.034468000000004,0.01,0.06
-16.6,1.15,-16.827542,0.01,0.06
-16.6,1.125,-16.570582,0.01,0.06
-16.6,1.1,-16.285892000000004,0.01,0.06
-16.6,1.075,-15.748477999999999,0.01,0.06
-16.6,1.05,-15.097451999999997,0.01,0.06
-16.6,1.025,-14.181488000000002,0.01,0.06
-16.6,1.0,-13.105276000000003,0.02,0.12
-16.6,0.975,-10.729816,0.02,0.12
-16.6,0.95,-7.556961999999999,0.03,0.18
-16.6,0.9249999999999999,-3.4657419999999988,0.05,0.3
-16.6,0.8999999999999999,0.05652200000000107,0.07,0.42
-16.6,0.875,4.947438,0.11,0.66
-16.6,0.85,8.502442,0.16,0.96
-16.6,0.825,11.4287718,0.22,1.32
-16.6,0.7999999999999999,13.260257999999999,0.28,1.68
-16.6,0.7749999999999999,15.4410562,0.35,2.1
-16.6,0.75,16.754633600000002,0.42,2.52
-16.6,0.725,17.7593204,0.49,2.94
-16.6,0.7,18.3845006,0.57,3.42
-16.6,0.6749999999999999,19.15500274,0.66,3.96
-16.6,0.6499999999999999,19.66434992,0.76,4.56
-16.6,0.625,20.10064232,0.86,5.16
-16.6,0.6,20.37149868,0.97,5.82
-16.6,0.575,20.70177802,1.1,6.6
-16.6,0.5499999999999999,20.91905808,1.24,7.44
-16.6,0.5249999999999999,21.13716802,1.38,8.28
-16.6,0.5,21.30166,1.52,9.12
-16.0,1.5,-8.226054800000004,0.01,0.06
-16.0,1.475,-16.017220000000002,0.01,0.06
-16.0,1.45,-16.009724,0.01,0.06
-16.0,1.425,-16.001912000000004,0.01,0.06
-16.0,1.4,-15.987521999999998,0.01,0.06
-16.0,1.375,-15.974689999999995,0.01,0.06
-16.0,1.35,-15.954661999999999,0.01,0.06
-16.0,1.325,-15.927632000000003,0.01,0.06
-16.0,1.3,-15.869977999999996,0.01,0.06
-16.0,1.275,-15.797350000000002,0.01,0.06
-16.0,1.25,-15.69202,0.01,0.06
-16.0,1.225,-15.586241999999999,0.01,0.06
-16.0,1.2,-15.382600000000004,0.01,0.06
-16.0,1.175,-15.160181999999999,0.01,0.06
-16.0,1.15,-14.872612000000004,0.01,0.06
-16.0,1.125,-14.588842,0.01,0.06
-16.0,1.1,-14.056385999999996,0.01,0.06
-16.0,1.075,-13.460970000000003,0.01,0.06
-16.0,1.05,-12.645322,0.01,0.06
-16.0,1.025,-11.752297999999996,0.02,0.12
-16.0,1.0,-9.803958000000002,0.02,0.12
-16.0,0.975,-7.2711019999999955,0.03,0.18
-16.0,0.95,-3.622358000000002,0.05,0.3
-16.0,0.9249999999999999,-0.30272799999999833,0.07,0.42
-16.0,0.8999999999999999,4.526669999999999,0.1,0.6
-16.0,0.875,8.055833999999999,0.15,0.9
-16.0,0.85,11.1323842,0.21,1.26
-16.0,0.825,13.170693,0.27,1.62
-16.0,0.7999999999999999,15.6083534,0.34,2.04
-16.0,0.7749999999999999,17.1693568,0.41,2.46
-16.0,0.75,18.3639442,0.48,2.88
-16.0,0.725,19.12653642,0.55,3.3
-16.0,0.7,20.04183656,0.63,3.78
-16.0,0.6749999999999999,20.65147174,0.72,4.32
-16.0,0.6499999999999999,21.15730178,0.81,4.86
-16.0,0.625,21.5073904,0.91,5.46
-16.0,0.6,21.9521042,1.01,6.06
-16.0,0.575,22.2514936,1.14,6.84
-16.0,0.5499999999999999,22.5023734,1.26,7.56
-16.0,0.5249999999999999,22.67894,1.4,8.4
-16.0,0.5,22.924005,1.54,9.24
-15.4,1.5,-7.105352999999997,0.01,0.06
-15.4,1.475,-14.883243999999998,0.01,0.06
-15.4,1.45,-14.876104000000005,0.01,0.06
-15.4,1.425,-14.862026,0.01,0.06
-15.4,1.4,-14.841831999999997,0.01,0.06
-15.4,1.375,-14.814377999999998,0.01,0.06
-15.4,1.35,-14.779666000000006,0.01,0.06
-15.4,1.325,-14.712443999999998,0.01,0.06
-15.4,1.3,-14.629589999999993,0.01,0.06
-15.4,1.275,-14.520823999999998,0.01,0.06
-15.4,1.25,-14.406284,0.01,0.06
-15.4,1.225,-14.196822000000004,0.01,0.06
-15.4,1.2,-13.973414000000005,0.01,0.06
-15.4,1.175,-13.695338,0.01,0.06
-15.4,1.15,-13.420793999999994,0.01,0.06
-15.4,1.125,-12.924198000000004,0.01,0.06
-15.4,1.1,-12.379806000000002,0.01,0.06
-15.4,1.075,-11.682098000000003,0.01,0.06
-15.4,1.05,-10.929933999999996,0.02,0.12
-15.4,1.025,-9.373217999999998,0.02,0.12
-15.4,1.0,-7.329321999999998,0.03,0.18
-15.4,0.975,-4.354515999999997,0.04,0.24
-15.4,0.95,-1.2490880000000004,0.06,0.36
-15.4,0.9249999999999999,3.5258699999999976,0.09,0.54
-15.4,0.8999999999999999,7.133260000000002,0.13,0.78
-15.4,0.875,10.2964898,0.19,1.14
-15.4,0.85,12.4978844,0.25,1.5
-15.4,0.825,15.2528678,0.32,1.92
-15.4,0.7999999999999999,17.018113,0.39,2.34
-15.4,0.7749999999999999,18.4449312,0.46,2.76
-15.4,0.75,19.34869246,0.53,3.18
-15.4,0.725,20.45074664,0.61,3.66
-15.4,0.7,21.15426198,0.68,4.08
-15.4,0.6749999999999999,21.7394592,0.77,4.62
-15.4,0.6499999999999999,22.131848,0.86,5.16
-15.4,0.625,22.6523024,0.95,5.7
-15.4,0.6,23.013804999999998,1.06,6.36
-15.4,0.575,23.329397,1.17,7.02
-15.4,0.5499999999999999,23.5351934,1.29,7.74
-15.4,0.5249999999999999,23.8135428,1.42,8.52
-15.4,0.5,24.004245400000002,1.55,9.3
-14.8,1.5,-6.019072000000001,0.01,0.06
-14.8,1.475,-13.762578000000005,0.01,0.06
-14.8,1.45,-13.74604999999999,0.01,0.06
-14.8,1.425,-13.727674,0.01,0.06
-14.8,1.4,-13.696449999999999,0.01,0.06
-14.8,1.375,-13.663418,0.01,0.06
-14.8,1.35,-13.593082000000003,0.01,0.06
-14.8,1.325,-13.510080000000002,0.01,0.06
-14.8,1.3,-13.400213999999998,0.01,0.06
-14.8,1.275,-13.296087999999997,0.01,0.06
-14.8,1.25,-13.093685999999998,0.01,0.06
-14.8,1.225,-12.886433999999994,0.01,0.06
-14.8,1.2,-12.625248,0.01,0.06
-14.8,1.175,-12.373793999999997,0.01,0.06
-14.8,1.15,-11.916395999999999,0.01,0.06
-14.8,1.125,-11.440850000000001,0.01,0.06
-14.8,1.1,-10.823541999999996,0.01,0.06
-14.8,1.075,-10.193592000000002,0.02,0.12
-14.8,1.05,-8.902014000000001,0.02,0.12
-14.8,1.025,-7.299970000000002,0.03,0.18
-14.8,1.0,-4.862535999999999,0.04,0.24
-14.8,0.975,-2.183405999999998,0.05,0.3
-14.8,0.95,2.506306000000002,0.08,0.48
-14.8,0.9249999999999999,6.123900000000001,0.12,0.72
-14.8,0.8999999999999999,9.3910786,0.17,1.02
-14.8,0.875,11.700392400000002,0.23,1.38
-14.8,0.85,14.686622999999999,0.29,1.74
-14.8,0.825,16.687351,0.36,2.16
-14.8,0.7999999999999999,18.2938804,0.44,2.64
-14.8,0.7749999999999999,19.3683573,0.51,3.06
-14.8,0.75,20.6813286,0.59,3.54
-14.8,0.725,21.52770032,0.66,3.96
-14.8,0.7,22.1929858,0.74,4.44
-14.8,0.6749999999999999,22.6349622,0.82,4.92
-14.8,0.6499999999999999,23.2052494,0.91,5.46
-14.8,0.625,23.6081528,1.01,6.06
-14.8,0.6,23.955164,1.1,6.6
-14.8,0.575,24.1998732,1.21,7.26
-14.8,0.5499999999999999,24.5181616,1.32,7.92
-14.8,0.5249999999999999,24.7408012,1.45,8.7
-14.8,0.5,24.9280682,1.57,9.42
-14.200000000000001,1.5,2.568938199999998,0.01,0.06
-14.200000000000001,1.475,-12.822808000000002,0.01,0.06
-14.200000000000001,1.45,-12.806049999999999,0.01,0.06
-14.200000000000001,1.425,-12.781201999999993,0.01,0.06
-14.200000000000001,1.4,-12.752626,0.01,0.06
-14.200000000000001,1.375,-12.694516,0.01,0.06
-14.200000000000001,1.35,-12.622008000000008,0.01,0.06
-14.200000000000001,1.325,-12.53443,0.01,0.06
-14.200000000000001,1.3,-12.439532,0.01,0.06
-14.200000000000001,1.275,-12.265028000000001,0.01,0.06
-14.200000000000001,1.25,-12.079955999999996,0.01,0.06
-14.200000000000001,1.225,-11.854990000000004,0.01,0.06
-14.200000000000001,1.2,-11.630924,0.01,0.06
-14.200000000000001,1.175,-11.234284000000002,0.01,0.06
-14.200000000000001,1.15,-10.808951999999998,0.01,0.06
-14.200000000000001,1.125,-10.287637999999998,0.01,0.06
-14.200000000000001,1.1,-9.747856000000002,0.02,0.12
-14.200000000000001,1.075,-8.7074,0.02,0.12
-14.200000000000001,1.05,-7.424347999999998,0.02,0.12
-14.200000000000001,1.025,-5.558831999999999,0.03,0.18
-14.200000000000001,1.0,-3.3472500000000025,0.05,0.3
-14.200000000000001,0.975,0.9105960000000053,0.07,0.42
-14.200000000000001,0.95,4.746287999999998,0.1,0.6
-14.200000000000001,0.9249999999999999,8.058644000000001,0.14,0.84
-14.200000000000001,0.8999999999999999,10.4999882,0.2,1.2
-14.200000000000001,0.875,13.7339126,0.26,1.56
-14.200000000000001,0.85,15.9497204,0.33,1.98
-14.200000000000001,0.825,17.7894102,0.41,2.46
-14.200000000000001,0.7999999999999999,19.00020522,0.49,2.94
-14.200000000000001,0.7749999999999999,20.55690778,0.56,3.36
-14.200000000000001,0.75,21.57968148,0.64,3.84
-14.200000000000001,0.725,22.4011588,0.72,4.32
-14.200000000000001,0.7,22.9166234,0.8,4.8
-14.200000000000001,0.6749999999999999,23.4565414,0.88,5.28
-14.200000000000001,0.6499999999999999,23.9872278,0.96,5.76
-14.200000000000001,0.625,24.3659926,1.06,6.36
-14.200000000000001,0.6,24.6281906,1.15,6.9
-14.200000000000001,0.575,24.985390199999998,1.25,7.5
-14.200000000000001,0.5499999999999999,25.2361876,1.36,8.16
-14.200000000000001,0.5249999999999999,25.4566362,1.47,8.82
-14.200000000000001,0.5,25.6019132,1.59,9.54
-13.6,1.5,-4.395002399999999,0.01,0.06
-13.6,1.475,-12.047991999999994,0.01,0.06
-13.6,1.45,-12.027222000000002,0.01,0.06
-13.6,1.425,-12.007086000000001,0.01,0.06
-13.6,1.4,-11.961642000000001,0.01,0.06
-13.6,1.375,-11.910296000000006,0.01,0.06
-13.6,1.35,-11.836302,0.01,0.06
-13.6,1.325,-11.759046000000001,0.01,0.06
-13.6,1.3,-11.611905999999998,0.01,0.06
-13.6,1.275,-11.455376000000001,0.01,0.06
-13.6,1.25,-11.255590000000002,0.01,0.06
-13.6,1.225,-11.062543999999995,0.01,0.06
-13.6,1.2,-10.711394000000002,0.01,0.06
-13.6,1.175,-10.343061999999996,0.01,0.06
-13.6,1.15,-9.881634000000002,0.01,0.06
-13.6,1.125,-9.430551999999999,0.02,0.12
-13.6,1.1,-8.557454,0.02,0.12
-13.6,1.075,-7.545876,0.02,0.12
-13.6,1.05,-6.079085999999997,0.03,0.18
-13.6,1.025,-4.385496,0.04,0.24
-13.6,1.0,-0.7790259999999982,0.06,0.36
-13.6,0.975,2.980324000000003,0.08,0.48
-13.6,0.95,6.562708000000001,0.12,0.72
-13.6,0.9249999999999999,9.0529176,0.17,1.02
-13.6,0.8999999999999999,12.516008,0.23,1.38
-13.6,0.875,14.9364206,0.3,1.8
-13.6,0.85,16.9787352,0.37,2.22
-13.6,0.825,18.362112,0.45,2.7
-13.6,0.7999999999999999,20.10907244,0.53,3.18
-13.6,0.7749999999999999,21.32585474,0.61,3.66
-13.6,0.75,22.3172276,0.69,4.14
-13.6,0.725,22.9649582,0.77,4.62
-13.6,0.7,23.7394522,0.85,5.1
-13.6,0.6749999999999999,24.234854,0.93,5.58
-13.6,0.6499999999999999,24.639985799999998,1.01,6.06
-13.6,0.625,24.921119400000002,1.1,6.6
-13.6,0.6,25.298241599999997,1.2,7.2
-13.6,0.575,25.5793572,1.3,7.8
-13.6,0.5499999999999999,25.822195,1.4,8.4
-13.6,0.5249999999999999,25.9957894,1.51,9.06
-13.6,0.5,26.2243146,1.62,9.72
-13.0,1.5,-3.858673600000003,0.01,0.06
-13.0,1.475,-11.485399999999998,0.01,0.06
-13.0,1.45,-11.468433999999995,0.01,0.06
-13.0,1.425,-11.434061999999994,0.01,0.06
-13.0,1.4,-11.392600000000005,0.01,0.06
-13.0,1.375,-11.335512000000001,0.01,0.06
-13.0,1.35,-11.273159999999997,0.01,0.06
-13.0,1.325,-11.152188000000002,0.01,0.06
-13.0,1.3,-11.014468,0.01,0.06
-13.0,1.275,-10.843130000000002,0.01,0.06
-13.0,1.25,-10.671100000000003,0.01,0.06
-13.0,1.225,-10.362704,0.01,0.06
-13.0,1.2,-10.034877999999999,0.01,0.06
-13.0,1.175,-9.639598,0.01,0.06
-13.0,1.15,-9.244186000000003,0.01,0.06
-13.0,1.125,-8.518842,0.02,0.12
-13.0,1.1,-7.686534000000002,0.02,0.12
-13.0,1.075,-6.565279999999994,0.02,0.12
-13.0,1.05,-5.261990000000001,0.03,0.18
-13.0,1.025,-2.5027360000000023,0.04,0.24
-13.0,1.0,0.8808739999999986,0.07,0.42
-13.0,0.975,4.613807999999997,0.1,0.6
-13.0,0.95,7.310102000000002,0.14,0.84
-13.0,0.9249999999999999,10.879832799999999,0.2,1.2
-13.0,0.8999999999999999,13.588398600000001,0.26,1.56
-13.0,0.875,15.8511358,0.33,1.98
-13.0,0.85,17.3931076,0.41,2.46
-13.0,0.825,19.37871148,0.49,2.94
-13.0,0.7999999999999999,20.72956044,0.57,3.42
-13.0,0.7749999999999999,21.89984508,0.65,3.9
-13.0,0.75,22.6763424,0.73,4.38
-13.0,0.725,23.646255,0.81,4.86
-13.0,0.7,24.2527312,0.89,5.34
-13.0,0.6749999999999999,24.7338782,0.97,5.82
-13.0,0.6499999999999999,25.043950000000002,1.05,6.3
-13.0,0.625,25.4536114,1.14,6.84
-13.0,0.6,25.749899,1.23,7.38
-13.0,0.575,26.0240256,1.33,7.98
-13.0,0.5499999999999999,26.213639399999998,1.43,8.58
-13.0,0.5249999999999999,26.4766532,1.54,9.24
-13.0,0.5,26.6604134,1.65,9.9
-12.4,1.5,-3.5262518000000007,0.01,0.06
-12.4,1.475,-11.145403999999996,0.01,0.06
-12.4,1.45,-11.118302,0.01,0.06
-12.4,1.425,-11.086102,0.01,0.06
-12.4,1.4,-11.041115999999999,0.01,0.06
-12.4,1.375,-10.99269,0.01,0.06
-12.4,1.35,-10.893644000000002,0.01,0.06
-12.4,1.325,-10.78071,0.01,0.06
-12.4,1.3,-10.629253999999996,0.01,0.06
-12.4,1.275,-10.484169999999999,0.01,0.06
-12.4,1.25,-10.211385999999997,0.01,0.06
-12.4,1.225,-9.929376000000001,0.01,0.06
-12.4,1.2,-9.580863999999998,0.01,0.06
-12.4,1.175,-9.245391999999999,0.01,0.06
-12.4,1.15,-8.627019999999998,0.02,0.12
-12.4,1.125,-7.966832,0.02,0.12
-12.4,1.1,-7.076186,0.02,0.12
-12.4,1.075,-6.117329999999999,0.03,0.18
-12.4,1.05,-4.065580000000001,0.04,0.24
-12.4,1.025,-1.4700659999999992,0.05,0.3
-12.4,1.0,2.0414059999999985,0.07,0.42
-12.4,0.975,4.962498,0.11,0.66
-12.4,0.95,8.850206,0.16,0.96
-12.4,0.9249999999999999,11.690296799999999,0.21,1.26
-12.4,0.8999999999999999,14.283204,0.28,1.68
-12.4,0.875,16.0283896,0.35,2.1
-12.4,0.85,18.2670098,0.43,2.58
-12.4,0.825,19.82205504,0.51,3.06
-12.4,0.7999999999999999,21.12761792,0.59,3.54
-12.4,0.7749999999999999,22.0426352,0.67,4.02
-12.4,0.75,23.207188,0.76,4.56
-12.4,0.725,23.9791272,0.84,5.04
-12.4,0.7,24.5769358,0.91,5.46
-12.4,0.6749999999999999,24.957902400000002,0.99,5.94
-12.4,0.6499999999999999,25.425192199999998,1.08,6.48
-12.4,0.625,25.748546400000002,1.17,7.02
-12.4,0.6,26.038879,1.26,7.56
-12.4,0.575,26.2509352,1.36,8.16
-12.4,0.5499999999999999,26.542616,1.46,8.76
-12.4,0.5249999999999999,26.7558118,1.57,9.42
-12.4,0.5,26.9415488,1.68,10.08
-11.8,1.5,4.263945400000001,0.01,0.06
-11.8,1.475,-10.959347999999999,0.01,0.06
-11.8,1.45,-10.936032,0.01,0.06
-11.8,1.425,-10.901888000000003,0.01,0.06
-11.8,1.4,-10.863128,0.01,0.06
-11.8,1.375,-10.78743,0.01,0.06
-11.8,1.35,-10.695515999999998,0.01,0.06
-11.8,1.325,-10.575867999999996,0.01,0.06
-11.8,1.3,-10.450326,0.01,0.06
-11.8,1.275,-10.221950000000003,0.01,0.06
-11.8,1.25,-9.976800000000004,0.01,0.06
-11.8,1.225,-9.683039999999998,0.01,0.06
-11.8,1.2,-9.395454,0.01,0.06
-11.8,1.175,-8.882966,0.01,0.06
-11.8,1.15,-8.330939999999998,0.02,0.12
-11.8,1.125,-7.645098000000001,0.02,0.12
-11.8,1.1,-6.912966000000001,0.02,0.12
-11.8,1.075,-5.442879999999999,0.03,0.18
-11.8,1.05,-3.560587999999999,0.04,0.24
-11.8,1.025,-0.8686579999999999,0.05,0.3
-11.8,1.0,1.9707319999999982,0.08,0.48
-11.8,0.975,6.299606000000001,0.12,0.72
-11.8,0.95,9.367834,0.17,1.02
-11.8,0.9249999999999999,12.158271000000001,0.23,1.38
-11.8,0.8999999999999999,14.190112599999999,0.29,1.74
-11.8,0.875,16.777775,0.37,2.22
-11.8,0.85,18.5554018,0.44,2.64
-11.8,0.825,20.06920384,0.52,3.12
-11.8,0.7999999999999999,21.10024106,0.6,3.6
-11.8,0.7749999999999999,22.4684104,0.69,4.14
-11.8,0.75,23.3990238,0.77,4.62
-11.8,0.725,24.1635778,0.85,5.1
-11.8,0.7,24.6420018,0.93,5.58
-11.8,0.6749999999999999,25.222086,1.01,6.06
-11.8,0.6499999999999999,25.5927722,1.09,6.54
-11.8,0.625,25.9122084,1.18,7.08
-11.8,0.6,26.1380558,1.28,7.68
-11.8,0.575,26.458410999999998,1.38,8.28
-11.8,0.5499999999999999,26.6939112,1.47,8.82
-11.8,0.5249999999999999,26.9073136,1.58,9.48
-11.8,0.5,27.0532306,1.69,10.14
-11.200000000000001,1.5,-3.276266999999997,0.01,0.06
-11.200000000000001,1.475,-10.877822000000002,0.01,0.06
-11.200000000000001,1.45,-10.853506,0.01,0.06
-11.200000000000001,1.425,-10.825666000000002,0.01,0.06
-11.200000000000001,1.4,-10.769062000000002,0.01,0.06
-11.200000000000001,1.375,-10.70091,0.01,0.06
-11.200000000000001,1.35,-10.605266,0.01,0.06
-11.200000000000001,1.325,-10.506612,0.01,0.06
-11.200000000000001,1.3,-10.318081999999997,0.01,0.06
-11.200000000000001,1.275,-10.117361999999996,0.01,0.06
-11.200000000000001,1.25,-9.866021999999997,0.01,0.06
-11.200000000000001,1.225,-9.626028000000002,0.01,0.06
-11.200000000000001,1.2,-9.195150000000002,0.01,0.06
-11.200000000000001,1.175,-8.749218000000003,0.01,0.06
-11.200000000000001,1.15,-8.187947999999999,0.02,0.12
-11.200000000000001,1.125,-7.633206000000001,0.02,0.12
-11.200000000000001,1.1,-6.537599999999998,0.02,0.12
-11.200000000000001,1.075,-5.230803999999999,0.03,0.18
-11.200000000000001,1.05,-3.302118,0.04,0.24
-11.200000000000001,1.025,-1.129876000000003,0.06,0.36
-11.200000000000001,1.0,3.0658320000000003,0.08,0.48
-11.200000000000001,0.975,6.602029999999999,0.12,0.72
-11.200000000000001,0.95,9.620934600000002,0.17,1.02
-11.200000000000001,0.9249999999999999,11.8428158,0.23,1.38
-11.200000000000001,0.8999999999999999,14.882522,0.3,1.8
-11.200000000000001,0.875,16.9443054,0.37,2.22
-11.200000000000001,0.85,18.69471744,0.45,2.7
-11.200000000000001,0.825,19.90037058,0.53,3.18
-11.200000000000001,0.7999999999999999,21.45886118,0.61,3.66
-11.200000000000001,0.7749999999999999,22.567733,0.7,4.2
-11.200000000000001,0.75,23.4904368,0.78,4.68
-11.200000000000001,0.725,24.1038522,0.86,5.16
-11.200000000000001,0.7,24.839656599999998,0.94,5.64
-11.200000000000001,0.6749999999999999,25.3041608,1.02,6.12
-11.200000000000001,0.6499999999999999,25.6725968,1.1,6.6
-11.200000000000001,0.625,25.9239738,1.19,7.14
-11.200000000000001,0.6,26.267857,1.28,7.68
-11.200000000000001,0.575,26.531184,1.38,8.28
-11.200000000000001,0.5499999999999999,26.7660582,1.48,8.88
-11.200000000000001,0.5249999999999999,26.9337916,1.59,9.54
-11.200000000000001,0.5,27.1581442,1.7,10.2
-10.600000000000001,1.5,-3.2457971999999984,0.01,0.06
-10.600000000000001,1.475,-10.848104,0.01,0.06
-10.600000000000001,1.45,-10.827819999999996,0.01,0.06
-10.600000000000001,1.425,-10.787764,0.01,0.06
-10.600000000000001,1.4,-10.737001999999997,0.01,0.06
-10.600000000000001,1.375,-10.666508,0.01,0.06
-10.600000000000001,1.35,-10.589004,0.01,0.06
-10.600000000000001,1.325,-10.442828000000002,0.01,0.06
-10.600000000000001,1.3,-10.277445999999998,0.01,0.06
-10.600000000000001,1.275,-10.073302000000002,0.01,0.06
-10.600000000000001,1.25,-9.871485999999997,0.01,0.06
-10.600000000000001,1.225,-9.514357999999998,0.01,0.06
-10.600000000000001,1.2,-9.140033999999996,0.01,0.06
-10.600000000000001,1.175,-8.689028,0.01,0.06
-10.600000000000001,1.15,-8.240594000000005,0.02,0.12
-10.600000000000001,1.125,-7.414850000000001,0.02,0.12
-10.600000000000001,1.1,-6.453963999999996,0.02,0.12
-10.600000000000001,1.075,-5.134813999999999,0.03,0.18
-10.600000000000001,1.05,-3.594325999999999,0.04,0.24
-10.600000000000001,1.025,-0.3881300000000003,0.06,0.36
-10.600000000000001,1.0,3.235374,0.08,0.48
-10.600000000000001,0.975,6.736555999999998,0.12,0.72
-10.600000000000001,0.95,9.165845200000001,0.17,1.02
-10.600000000000001,0.9249999999999999,12.4974772,0.23,1.38
-10.600000000000001,0.8999999999999999,14.973098199999999,0.3,1.8
-10.600000000000001,0.875,17.0190646,0.37,2.22
-10.600000000000001,0.85,18.42089048,0.45,2.7
-10.600000000000001,0.825,20.24845456,0.53,3.18
-10.600000000000001,0.7999999999999999,21.50912196,0.61,3.66
-10.600000000000001,0.7749999999999999,22.6128678,0.7,4.2
-10.600000000000001,0.75,23.354029399999998,0.78,4.68
-10.600000000000001,0.725,24.287739000000002,0.86,5.16
-10.600000000000001,0.7,24.8758744,0.94,5.64
-10.600000000000001,0.6749999999999999,25.340671399999998,1.02,6.12
-10.600000000000001,0.6499999999999999,25.636941,1.11,6.66
-10.600000000000001,0.625,25.961257,1.2,7.2
-10.600000000000001,0.6,26.3023002,1.29,7.74
-10.600000000000001,0.575,26.565477,1.39,8.34
-10.600000000000001,0.5499999999999999,26.7512076,1.49,8.94
-10.600000000000001,0.5249999999999999,27.007461199999998,1.59,9.54
-10.600000000000001,0.5,27.189395,1.7,10.2
-10.0,1.5,-3.233175199999998,0.01,0.06
-10.0,1.475,-10.844666,0.01,0.06
-10.0,1.45,-10.814699999999998,0.01,0.06
-10.0,1.425,-10.778498000000003,0.01,0.06
-10.0,1.4,-10.72672,0.01,0.06
-10.0,1.375,-10.671694000000002,0.01,0.06
-10.0,1.35,-10.557874000000005,0.01,0.06
-10.0,1.325,-10.430788,0.01,0.06
-10.0,1.3,-10.262900000000002,0.01,0.06
-10.0,1.275,-10.099315999999998,0.01,0.06
-10.0,1.25,-9.799504000000002,0.01,0.06
-10.0,1.225,-9.49183,0.01,0.06
-10.0,1.2,-9.114625999999998,0.01,0.06
-10.0,1.175,-8.754608000000001,0.01,0.06
-10.0,1.15,-8.087793999999995,0.02,0.12
-10.0,1.125,-7.3745639999999995,0.02,0.12
-10.0,1.1,-6.40503,0.02,0.12
-10.0,1.075,-5.357045999999997,0.03,0.18
-10.0,1.05,-3.0978899999999996,0.04,0.24
-10.0,1.025,-0.2876839999999987,0.06,0.36
-10.0,1.0,3.3322259999999986,0.09,0.54
-10.0,0.975,6.1408960000000015,0.12,0.72
-10.0,0.95,9.8161156,0.17,1.02
-10.0,0.9249999999999999,12.5603442,0.23,1.38
-10.0,0.8999999999999999,15.024240800000001,0.3,1.8
-10.0,0.875,16.672689,0.38,2.28
-10.0,0.85,18.79855246,0.45,2.7
-10.0,0.825,20.281838,0.53,3.18
-10.0,0.7999999999999999,21.53689726,0.62,3.72
-10.0,0.7749999999999999,22.4190604,0.7,4.2
-10.0,0.75,23.5489914,0.78,4.68
-10.0,0.725,24.3044682,0.86,5.16
-10.0,0.7,24.8922156,0.94,5.64
-10.0,0.6749999999999999,25.266016,1.02,6.12
-10.0,0.6499999999999999,25.7248942,1.11,6.66
-10.0,0.625,26.0405794,1.2,7.2
-10.0,0.6,26.320952,1.29,7.74
-10.0,0.575,26.528824,1.39,8.34
-10.0,0.5499999999999999,26.814215400000002,1.49,8.94
-10.0,0.5249999999999999,27.0241972,1.6,9.6
-10.0,0.5,27.2062392,1.7,10.2
-9.4,1.5,4.378991000000003,0.01,0.06
-9.4,1.475,-10.847583999999994,0.01,0.06
-9.4,1.45,-10.820920000000001,0.01,0.06
-9.4,1.425,-10.784911999999998,0.01,0.06
-9.4,1.4,-10.7437,0.01,0.06
-9.4,1.375,-10.662085999999999,0.01,0.06
-9.4,1.35,-10.560987999999998,0.01,0.06
-9.4,1.325,-10.431558000000003,0.01,0.06
-9.4,1.3,-10.297239999999999,0.01,0.06
-9.4,1.275,-10.053017999999998,0.01,0.06
-9.4,1.25,-9.792058000000004,0.01,0.06
-9.4,1.225,-9.481136,0.01,0.06
-9.4,1.2,-9.179842,0.01,0.06
-9.4,1.175,-8.642164000000001,0.01,0.06
-9.4,1.15,-8.066120000000002,0.02,0.12
-9.4,1.125,-7.347521999999998,0.02,0.12
-9.4,1.1,-6.578429999999997,0.02,0.12
-9.4,1.075,-5.027661999999999,0.03,0.18
-9.4,1.05,-3.0377480000000006,0.04,0.24
-9.4,1.025,-0.22079199999999943,0.06,0.36
-9.4,1.0,2.6516659999999987,0.09,0.54
-9.4,0.975,6.886563999999998,0.13,0.78
-9.4,0.95,9.867700799999998,0.18,1.08
-9.4,0.9249999999999999,12.6045522,0.24,1.44
-9.4,0.8999999999999999,14.5823708,0.31,1.86
-9.4,0.875,17.0935604,0.38,2.28
-9.4,0.85,18.8266475,0.46,2.76
-9.4,0.825,20.3036234,0.54,3.24
-9.4,0.7999999999999999,21.30907362,0.62,3.72
-9.4,0.7749999999999999,22.6457148,0.7,4.2
-9.4,0.75,23.5558666,0.78,4.68
-9.4,0.725,24.308751,0.87,5.22
-9.4,0.7,24.785111,0.94,5.64
-9.4,0.6749999999999999,25.2719512,1.03,6.18
-9.4,0.6499999999999999,25.7313564,1.11,6.66
-9.4,0.625,26.0488122,1.2,7.2
-9.4,0.6,26.271734600000002,1.29,7.74
-9.4,0.575,26.5886378,1.39,8.34
-9.4,0.5499999999999999,26.8212984,1.49,8.94
-9.4,0.5249999999999999,27.0316962,1.6,9.6
-9.4,0.5,27.1738834,1.7,10.2
-8.8,1.5,-3.2552552000000006,0.01,0.06
-8.8,1.475,-10.862924,0.01,0.06
-8.8,1.45,-10.836856000000001,0.01,0.06
-8.8,1.425,-10.807925999999998,0.01,0.06
-8.8,1.4,-10.747818000000002,0.01,0.06
-8.8,1.375,-10.676216,0.01,0.06
-8.8,1.35,-10.576010000000004,0.01,0.06
-8.8,1.325,-10.472515999999995,0.01,0.06
-8.8,1.3,-10.274184000000002,0.01,0.06
-8.8,1.275,-10.063623999999997,0.01,0.06
-8.8,1.25,-9.801110000000001,0.01,0.06
-8.8,1.225,-9.552206000000002,0.01,0.06
-8.8,1.2,-9.103414000000004,0.01,0.06
-8.8,1.175,-8.642962,0.01,0.06
-8.8,1.15,-8.063161999999998,0.02,0.12
-8.8,1.125,-7.489359999999998,0.02,0.12
-8.8,1.1,-6.3578800000000015,0.02,0.12
-8.8,1.075,-5.008754,0.03,0.18
-8.8,1.05,-3.017468000000001,0.04,0.24
-8.8,1.025,-0.7938200000000002,0.06,0.36
-8.8,1.0,3.4368540000000003,0.09,0.54
-8.8,0.975,6.91207,0.13,0.78
-8.8,0.95,9.8779326,0.18,1.08
-8.8,0.9249999999999999,12.074618000000001,0.24,1.44
-8.8,0.8999999999999999,15.0740944,0.31,1.86
-8.8,0.875,17.0992602,0.38,2.28
-8.8,0.85,18.8284777,0.46,2.76
-8.8,0.825,20.0194561,0.54,3.24
-8.8,0.7999999999999999,21.55371982,0.62,3.72
-8.8,0.7749999999999999,22.6436618,0.7,4.2
-8.8,0.75,23.5511106,0.78,4.68
-8.8,0.725,24.1561454,0.86,5.16
-8.8,0.7,24.8892716,0.94,5.64
-8.8,0.6749999999999999,25.356929,1.03,6.18
-8.8,0.6499999999999999,25.728309199999998,1.11,6.66
-8.8,0.625,25.9834954,1.2,7.2
-8.8,0.6,26.3276642,1.29,7.74
-8.8,0.575,26.589405,1.39,8.34
-8.8,0.5499999999999999,26.8233768,1.49,8.94
-8.8,0.5249999999999999,26.9877908,1.6,9.6
-8.8,0.5,27.2080802,1.7,10.2
-8.2,1.5,-3.2733690000000024,0.01,0.06
-8.2,1.475,-10.884656,0.01,0.06
-8.2,1.45,-10.863352000000003,0.01,0.06
-8.2,1.425,-10.821584000000001,0.01,0.06
-8.2,1.4,-10.769731999999998,0.01,0.06
-8.2,1.375,-10.698044000000003,0.01,0.06
-8.2,1.35,-10.619149999999998,0.01,0.06
-8.2,1.325,-10.467606,0.01,0.06
-8.2,1.3,-10.295636000000002,0.01,0.06
-8.2,1.275,-10.085059999999999,0.01,0.06
-8.2,1.25,-9.875918000000002,0.01,0.06
-8.2,1.225,-9.506956000000002,0.01,0.06
-8.2,1.2,-9.121358000000004,0.01,0.06
-8.2,1.175,-8.657512000000004,0.01,0.06
-8.2,1.15,-8.197249999999997,0.02,0.12
-8.2,1.125,-7.350832000000004,0.02,0.12
-8.2,1.1,-6.370359999999998,0.02,0.12
-8.2,1.075,-5.026506000000001,0.03,0.18
-8.2,1.05,-3.4640559999999994,0.04,0.24
-8.2,1.025,-0.20989400000000202,0.06,0.36
-8.2,1.0,3.420431999999998,0.09,0.54
-8.2,0.975,6.891344,0.13,0.78
-8.2,0.95,9.2936898,0.18,1.08
-8.2,0.9249999999999999,12.6070426,0.24,1.44
-8.2,0.8999999999999999,15.060378,0.3,1.8
-8.2,0.875,17.0842952,0.38,2.28
-8.2,0.85,18.47776638,0.45,2.7
-8.2,0.825,20.294035,0.54,3.24
-8.2,0.7999999999999999,21.5424222,0.62,3.72
-8.2,0.7749999999999999,22.6324166,0.7,4.2
-8.2,0.75,23.3636064,0.78,4.68
-8.2,0.725,24.28816,0.86,5.16
-8.2,0.7,24.874471800000002,0.94,5.64
-8.2,0.6749999999999999,25.342745999999998,1.03,6.18
-8.2,0.6499999999999999,25.6434048,1.11,6.66
-8.2,0.625,26.0344564,1.2,7.2
-8.2,0.6,26.3182312,1.29,7.74
-8.2,0.575,26.5822618,1.39,8.34
-8.2,0.5499999999999999,26.7665446,1.49,8.94
-8.2,0.5249999999999999,27.0195862,1.6,9.6
-8.2,0.5,27.1970922,1.7,10.2
-7.600000000000001,1.5,-3.2919160000000005,0.01,0.06
-7.600000000000001,1.475,-10.911096000000004,0.01,0.06
-7.600000000000001,1.45,-10.881186000000003,0.01,0.06
-7.600000000000001,1.425,-10.846519999999998,0.01,0.06
-7.600000000000001,1.4,-10.794830000000001,0.01,0.06
-7.600000000000001,1.375,-10.737542000000001,0.01,0.06
-7.600000000000001,1.35,-10.623874,0.01,0.06
-7.600000000000001,1.325,-10.493617999999998,0.01,0.06
-7.600000000000001,1.3,-10.323041999999997,0.01,0.06
-7.600000000000001,1.275,-10.155806000000002,0.01,0.06
-7.600000000000001,1.25,-9.848309999999998,0.01,0.06
-7.600000000000001,1.225,-9.532828000000002,0.01,0.06
-7.600000000000001,1.2,-9.14651,0.01,0.06
-7.600000000000001,1.175,-8.776990000000001,0.01,0.06
-7.600000000000001,1.15,-8.09665,0.02,0.12
-7.600000000000001,1.125,-7.372730000000001,0.02,0.12
-7.600000000000001,1.1,-6.393927999999999,0.02,0.12
-7.600000000000001,1.075,-5.332955999999999,0.03,0.18
-7.600000000000001,1.05,-3.061250000000001,0.04,0.24
-7.600000000000001,1.025,-0.24417199999999895,0.06,0.36
-7.600000000000001,1.0,3.3762640000000026,0.09,0.54
-7.600000000000001,0.975,6.173128,0.13,0.78
-7.600000000000001,0.95,9.8417034,0.17,1.02
-7.600000000000001,0.9249999999999999,12.579244599999999,0.24,1.44
-7.600000000000001,0.8999999999999999,15.030967200000001,0.3,1.8
-7.600000000000001,0.875,16.6746208,0.38,2.28
-7.600000000000001,0.85,18.79412676,0.45,2.7
-7.600000000000001,0.825,20.2741891,0.53,3.18
-7.600000000000001,0.7999999999999999,21.5250932,0.62,3.72
-7.600000000000001,0.7749999999999999,22.4021738,0.7,4.2
-7.600000000000001,0.75,23.520925,0.78,4.68
-7.600000000000001,0.725,24.2682966,0.86,5.16
-7.600000000000001,0.7,24.8555342,0.94,5.64
-7.600000000000001,0.6749999999999999,25.233963199999998,1.02,6.12
-7.600000000000001,0.6499999999999999,25.6976626,1.11,6.66
-7.600000000000001,0.625,26.0183998,1.2,7.2
-7.600000000000001,0.6,26.3035344,1.29,7.74
-7.600000000000001,0.575,26.5120556,1.39,8.34
-7.600000000000001,0.5499999999999999,26.7965326,1.49,8.94
-7.600000000000001,0.5249999999999999,27.003864200000002,1.6,9.6
-7.600000000000001,0.5,27.1833984,1.7,10.2
-7.0,1.5,4.313014800000001,0.01,0.06
-7.0,1.475,-10.927301999999997,0.01,0.06
-7.0,1.45,-10.902762000000003,0.01,0.06
-7.0,1.425,-10.867272000000003,0.01,0.06
-7.0,1.4,-10.826733999999998,0.01,0.06
-7.0,1.375,-10.745276,0.01,0.06
-7.0,1.35,-10.646756,0.01,0.06
-7.0,1.325,-10.517508,0.01,0.06
-7.0,1.3,-10.382342000000001,0.01,0.06
-7.0,1.275,-10.136778,0.01,0.06
-7.0,1.25,-9.872122000000001,0.01,0.06
-7.0,1.225,-9.558342,0.01,0.06
-7.0,1.2,-9.252289999999999,0.01,0.06
-7.0,1.175,-8.707708000000004,0.01,0.06
-7.0,1.15,-8.123059999999999,0.02,0.12
-7.0,1.125,-7.399668000000002,0.02,0.12
-7.0,1.1,-6.626398000000002,0.02,0.12
-7.0,1.075,-5.0756859999999975,0.03,0.18
-7.0,1.05,-3.092267999999997,0.04,0.24
-7.0,1.025,-0.28203599999999796,0.06,0.36
-7.0,1.0,2.5809759999999997,0.09,0.54
-7.0,0.975,6.813982000000001,0.12,0.72
-7.0,0.95,9.797824,0.17,1.02
-7.0,0.9249999999999999,12.5422094,0.24,1.44
-7.0,0.8999999999999999,14.5261748,0.3,1.8
-7.0,0.875,17.0428556,0.38,2.28
-7.0,0.85,18.77901982,0.45,2.7
-7.0,0.825,20.25869564,0.53,3.18
-7.0,0.7999999999999999,21.26617344,0.62,3.72
-7.0,0.7749999999999999,22.5966176,0.7,4.2
-7.0,0.75,23.5011574,0.78,4.68
-7.0,0.725,24.250483799999998,0.86,5.16
-7.0,0.7,24.7258236,0.94,5.64
-7.0,0.6749999999999999,25.3066858,1.02,6.12
-7.0,0.6499999999999999,25.6824434,1.11,6.66
-7.0,0.625,26.0040878,1.2,7.2
-7.0,0.6,26.2316598,1.29,7.74
-7.0,0.575,26.5501972,1.39,8.34
-7.0,0.5499999999999999,26.7823292,1.49,8.94
-7.0,0.5249999999999999,26.9912636,1.6,9.6
-7.0,0.5,27.1317948,1.7,10.2
-6.400000000000002,1.5,-3.3302628,0.01,0.06
-6.400000000000002,1.475,-10.944236,0.01,0.06
-6.400000000000002,1.45,-10.918492000000004,0.01,0.06
-6.400000000000002,1.425,-10.891116,0.01,0.06
-6.400000000000002,1.4,-10.834678000000004,0.01,0.06
-6.400000000000002,1.375,-10.764220000000002,0.01,0.06
-6.400000000000002,1.35,-10.666747999999995,0.01,0.06
-6.400000000000002,1.325,-10.564634000000002,0.01,0.06
-6.400000000000002,1.3,-10.36777,0.01,0.06
-6.400000000000002,1.275,-10.158457999999996,0.01,0.06
-6.400000000000002,1.25,-9.894870000000004,0.01,0.06
-6.400000000000002,1.225,-9.646843999999998,0.01,0.06
-6.400000000000002,1.2,-9.196082,0.01,0.06
-6.400000000000002,1.175,-8.731352000000005,0.01,0.06
-6.400000000000002,1.15,-8.148737999999998,0.02,0.12
-6.400000000000002,1.125,-7.573228,0.02,0.12
-6.400000000000002,1.1,-6.443846000000001,0.02,0.12
-6.400000000000002,1.075,-5.101967999999999,0.03,0.18
-6.400000000000002,1.05,-3.1304300000000005,0.04,0.24
-6.400000000000002,1.025,-0.9255460000000042,0.06,0.36
-6.400000000000002,1.0,3.2781299999999973,0.09,0.54
-6.400000000000002,0.975,6.765628000000001,0.12,0.72
-6.400000000000002,0.95,9.7616134,0.17,1.02
-6.400000000000002,0.9249999999999999,11.974250999999999,0.23,1.38
-6.400000000000002,0.8999999999999999,14.9824476,0.3,1.8
-6.400000000000002,0.875,17.0183128,0.37,2.22
-6.400000000000002,0.85,18.75354706,0.45,2.7
-6.400000000000002,0.825,19.94736142,0.53,3.18
-6.400000000000002,0.7999999999999999,21.48775706,0.61,3.66
-6.400000000000002,0.7749999999999999,22.57962,0.7,4.2
-6.400000000000002,0.75,23.4853012,0.78,4.68
-6.400000000000002,0.725,24.0878026,0.86,5.16
-6.400000000000002,0.7,24.8208196,0.94,5.64
-6.400000000000002,0.6749999999999999,25.2903984,1.02,6.12
-6.400000000000002,0.6499999999999999,25.6660106,1.11,6.66
-6.400000000000002,0.625,25.9242144,1.2,7.2
-6.400000000000002,0.6,26.2719138,1.29,7.74
-6.400000000000002,0.575,26.5349876,1.39,8.34
-6.400000000000002,0.5499999999999999,26.7693708,1.49,8.94
-6.400000000000002,0.5249999999999999,26.9340462,1.59,9.54
-6.400000000000002,0.5,27.1536246,1.7,10.2
-5.800000000000001,1.5,-3.3426432000000013,0.01,0.06
-5.800000000000001,1.475,-10.95795,0.01,0.06
-5.800000000000001,1.45,-10.938173999999997,0.01,0.06
-5.800000000000001,1.425,-10.899702000000001,0.01,0.06
-5.800000000000001,1.4,-10.849318,0.01,0.06
-5.800000000000001,1.375,-10.779892,0.01,0.06
-5.800000000000001,1.35,-10.702498000000002,0.01,0.06
-5.800000000000001,1.325,-10.554250000000003,0.01,0.06
-5.800000000000001,1.3,-10.384350000000001,0.01,0.06
-5.800000000000001,1.275,-10.172075999999997,0.01,0.06
-5.800000000000001,1.25,-9.961254000000004,0.01,0.06
-5.800000000000001,1.225,-9.593560000000004,0.01,0.06
-5.800000000000001,1.2,-9.207691999999998,0.01,0.06
-5.800000000000001,1.175,-8.742622,0.01,0.06
-5.800000000000001,1.15,-8.280596000000003,0.02,0.12
-5.800000000000001,1.125,-7.433493999999996,0.02,0.12
-5.800000000000001,1.1,-6.454656,0.02,0.12
-5.800000000000001,1.075,-5.117954000000001,0.03,0.18
-5.800000000000001,1.05,-3.5664879999999997,0.04,0.24
-5.800000000000001,1.025,-0.35077799999999826,0.06,0.36
-5.800000000000001,1.0,3.2536820000000013,0.09,0.54
-5.800000000000001,0.975,6.739813999999999,0.12,0.72
-5.800000000000001,0.95,9.1612498,0.17,1.02
-5.800000000000001,0.9249999999999999,12.497804,0.23,1.38
-5.800000000000001,0.8999999999999999,14.9672374,0.3,1.8
-5.800000000000001,0.875,17.0035634,0.37,2.22
-5.800000000000001,0.85,18.405997460000002,0.45,2.7
-5.800000000000001,0.825,20.22762818,0.53,3.18
-5.800000000000001,0.7999999999999999,21.48018836,0.61,3.66
-5.800000000000001,0.7749999999999999,22.5705556,0.7,4.2
-5.800000000000001,0.75,23.302811,0.78,4.68
-5.800000000000001,0.725,24.2263284,0.86,5.16
-5.800000000000001,0.7,24.8147202,0.94,5.64
-5.800000000000001,0.6749999999999999,25.285623,1.02,6.12
-5.800000000000001,0.6499999999999999,25.5880764,1.11,6.66
-5.800000000000001,0.625,25.9823516,1.2,7.2
-5.800000000000001,0.6,26.2682562,1.29,7.74
-5.800000000000001,0.575,26.532552600000002,1.39,8.34
-5.800000000000001,0.5499999999999999,26.7182506,1.49,8.94
-5.800000000000001,0.5249999999999999,26.9725448,1.59,9.54
-5.800000000000001,0.5,27.150303,1.7,10.2
-5.199999999999999,1.5,-3.3419039999999995,0.01,0.06
-5.199999999999999,1.475,-10.965086000000003,0.01,0.06
-5.199999999999999,1.45,-10.937266000000001,0.01,0.06
-5.199999999999999,1.425,-10.903643999999996,0.01,0.06
-5.199999999999999,1.4,-10.853718000000004,0.01,0.06
-5.199999999999999,1.375,-10.799336,0.01,0.06
-5.199999999999999,1.35,-10.687248,0.01,0.06
-5.199999999999999,1.325,-10.558366,0.01,0.06
-5.199999999999999,1.3,-10.389038,0.01,0.06
-5.199999999999999,1.275,-10.224139999999998,0.01,0.06
-5.199999999999999,1.25,-9.917413999999997,0.01,0.06
-5.199999999999999,1.225,-9.602774000000004,0.01,0.06
-5.199999999999999,1.2,-9.217146000000003,0.01,0.06
-5.199999999999999,1.175,-8.846758000000001,0.01,0.06
-5.199999999999999,1.15,-8.166449999999998,0.02,0.12
-5.199999999999999,1.125,-7.442208000000001,0.02,0.12
-5.199999999999999,1.1,-6.4627260000000035,0.02,0.12
-5.199999999999999,1.075,-5.407736,0.03,0.18
-5.199999999999999,1.05,-3.1532020000000003,0.04,0.24
-5.199999999999999,1.025,-0.35958800000000224,0.06,0.36
-5.199999999999999,1.0,3.231385999999997,0.09,0.54
-5.199999999999999,0.975,6.043178000000001,0.12,0.72
-5.199999999999999,0.95,9.7245784,0.17,1.02
-5.199999999999999,0.9249999999999999,12.4756558,0.23,1.38
-5.199999999999999,0.8999999999999999,14.9497068,0.3,1.8
-5.199999999999999,0.875,16.602993,0.37,2.22
-5.199999999999999,0.85,18.73377484,0.45,2.7
-5.199999999999999,0.825,20.21935758,0.53,3.18
-5.199999999999999,0.7999999999999999,21.472384560000002,0.61,3.66
-5.199999999999999,0.7749999999999999,22.3513276,0.7,4.2
-5.199999999999999,0.75,23.2958244,0.78,4.68
-5.199999999999999,0.725,24.2190202,0.86,5.16
-5.199999999999999,0.7,24.807561,0.94,5.64
-5.199999999999999,0.6749999999999999,25.186256999999998,1.02,6.12
-5.199999999999999,0.6499999999999999,25.6532814,1.11,6.66
-5.199999999999999,0.625,25.9769674,1.2,7.2
-5.199999999999999,0.6,26.263443000000002,1.29,7.74
-5.199999999999999,0.575,26.4735616,1.39,8.34
-5.199999999999999,0.5499999999999999,26.7587062,1.49,8.94
-5.199999999999999,0.5249999999999999,26.9667402,1.59,9.54
-5.199999999999999,0.5,27.1460898,1.7,10.2
-4.600000000000001,1.5,4.278893199999999,0.01,0.06
-4.600000000000001,1.475,-10.970348000000001,0.01,0.06
-4.600000000000001,1.45,-10.946946000000004,0.01,0.06
-4.600000000000001,1.425,-10.912844,0.01,0.06
-4.600000000000001,1.4,-10.872839999999997,0.01,0.06
-4.600000000000001,1.375,-10.794034000000003,0.01,0.06
-4.600000000000001,1.35,-10.695405999999998,0.01,0.06
-4.600000000000001,1.325,-10.56757,0.01,0.06
-4.600000000000001,1.3,-10.433856000000002,0.01,0.06
-4.600000000000001,1.275,-10.188696,0.01,0.06
-4.600000000000001,1.25,-9.924359999999997,0.01,0.06
-4.600000000000001,1.225,-9.609863999999998,0.01,0.06
-4.600000000000001,1.2,-9.302432000000003,0.01,0.06
-4.600000000000001,1.175,-8.754776000000003,0.01,0.06
-4.600000000000001,1.15,-8.169327999999997,0.02,0.12
-4.600000000000001,1.125,-7.44164,0.02,0.12
-4.600000000000001,1.1,-6.669419999999995,0.02,0.12
-4.600000000000001,1.075,-5.123196,0.03,0.18
-4.600000000000001,1.05,-3.151288000000001,0.04,0.24
-4.600000000000001,1.025,-0.35804199999999753,0.06,0.36
-4.600000000000001,1.0,2.490884000000001,0.09,0.54
-4.600000000000001,0.975,6.732292000000001,0.12,0.72
-4.600000000000001,0.95,9.729033,0.17,1.02
-4.600000000000001,0.9249999999999999,12.4788914,0.23,1.38
-4.600000000000001,0.8999999999999999,14.468947,0.3,1.8
-4.600000000000001,0.875,16.991932,0.37,2.22
-4.600000000000001,0.85,18.73412752,0.45,2.7
-4.600000000000001,0.825,20.21724704,0.53,3.18
-4.600000000000001,0.7999999999999999,21.22713088,0.61,3.66
-4.600000000000001,0.7749999999999999,22.559829,0.7,4.2
-4.600000000000001,0.75,23.4642964,0.78,4.68
-4.600000000000001,0.725,24.2135836,0.86,5.16
-4.600000000000001,0.7,24.6888436,0.94,5.64
-4.600000000000001,0.6749999999999999,25.2737322,1.02,6.12
-4.600000000000001,0.6499999999999999,25.651260999999998,1.1,6.6
-4.600000000000001,0.625,25.9763812,1.2,7.2
-4.600000000000001,0.6,26.2045682,1.29,7.74
-4.600000000000001,0.575,26.5255224,1.39,8.34
-4.600000000000001,0.5499999999999999,26.7577432,1.49,8.94
-4.600000000000001,0.5249999999999999,26.9674492,1.59,9.54
-4.600000000000001,0.5,27.106637,1.7,10.2
-4.0,1.5,-3.3587144,0.01,0.06
-4.0,1.475,-10.977398000000004,0.01,0.06
-4.0,1.45,-10.953055999999997,0.01,0.06
-4.0,1.425,-10.926290000000002,0.01,0.06
-4.0,1.4,-10.868824,0.01,0.06
-4.0,1.375,-10.800154000000003,0.01,0.06
-4.0,1.35,-10.702477999999996,0.01,0.06
-4.0,1.325,-10.600513999999997,0.01,0.06
-4.0,1.3,-10.403202,0.01,0.06
-4.0,1.275,-10.193102,0.01,0.06
-4.0,1.25,-9.928598000000001,0.01,0.06
-4.0,1.225,-9.677293999999996,0.01,0.06
-4.0,1.2,-9.221916,0.01,0.06
-4.0,1.175,-8.754172,0.01,0.06
-4.0,1.15,-8.167345999999998,0.02,0.12
-4.0,1.125,-7.590588000000004,0.02,0.12
-4.0,1.1,-6.458785999999996,0.02,0.12
-4.0,1.075,-5.118777999999999,0.03,0.18
-4.0,1.05,-3.1446279999999973,0.04,0.24
-4.0,1.025,-0.9420859999999962,0.06,0.36
-4.0,1.0,3.257904,0.09,0.54
-4.0,0.975,6.743536000000001,0.12,0.72
-4.0,0.95,9.7301816,0.17,1.02
-4.0,0.9249999999999999,11.9415996,0.23,1.38
-4.0,0.8999999999999999,14.9524682,0.3,1.8
-4.0,0.875,16.9927686,0.37,2.22
-4.0,0.85,18.7319797,0.45,2.7
-4.0,0.825,19.92770348,0.53,3.18
-4.0,0.7999999999999999,21.46862582,0.61,3.66
-4.0,0.7749999999999999,22.559632,0.7,4.2
-4.0,0.75,23.461757,0.78,4.68
-4.0,0.725,24.065994,0.86,5.16
-4.0,0.7,24.7992014,0.94,5.64
-4.0,0.6749999999999999,25.272509200000002,1.02,6.12
-4.0,0.6499999999999999,25.6527626,1.1,6.6
-4.0,0.625,25.9122912,1.2,7.2
-4.0,0.6,26.262849199999998,1.29,7.74
-4.0,0.575,26.5268108,1.39,8.34
-4.0,0.5499999999999999,26.7597272,1.49,8.94
-4.0,0.5249999999999999,26.9241212,1.59,9.54
-4.0,0.5,27.1421798,1.7,10.2
-3.400000000000002,1.5,-3.362743400000003,0.01,0.06
-3.400000000000002,1.475,-10.984189999999995,0.01,0.06
-3.400000000000002,1.45,-10.964300000000001,0.01,0.06
-3.400000000000002,1.425,-10.925236000000002,0.01,0.06
-3.400000000000002,1.4,-10.875177999999998,0.01,0.06
-3.400000000000002,1.375,-10.805748000000001,0.01,0.06
-3.400000000000002,1.35,-10.727474,0.01,0.06
-3.400000000000002,1.325,-10.578566000000002,0.01,0.06
-3.400000000000002,1.3,-10.407986000000001,0.01,0.06
-3.400000000000002,1.275,-10.196772,0.01,0.06
-3.400000000000002,1.25,-9.985719999999997,0.01,0.06
-3.400000000000002,1.225,-9.612676,0.01,0.06
-3.400000000000002,1.2,-9.220768,0.01,0.06
-3.400000000000002,1.175,-8.751477999999999,0.01,0.06
-3.400000000000002,1.15,-8.285911999999996,0.02,0.12
-3.400000000000002,1.125,-7.432726000000002,0.02,0.12
-3.400000000000002,1.1,-6.450440000000004,0.02,0.12
-3.400000000000002,1.075,-5.110729999999997,0.03,0.18
-3.400000000000002,1.05,-3.5544420000000017,0.04,0.24
-3.400000000000002,1.025,-0.33514799999999667,0.06,0.36
-3.400000000000002,1.0,3.269060000000003,0.09,0.54
-3.400000000000002,0.975,6.747736,0.12,0.72
-3.400000000000002,0.95,9.167096800000001,0.17,1.02
-3.400000000000002,0.9249999999999999,12.491225199999999,0.23,1.38
-3.400000000000002,0.8999999999999999,14.9572812,0.3,1.8
-3.400000000000002,0.875,16.992411999999998,0.37,2.22
-3.400000000000002,0.85,18.39648888,0.45,2.7
-3.400000000000002,0.825,20.21682246,0.53,3.18
-3.400000000000002,0.7999999999999999,21.4688716,0.61,3.66
-3.400000000000002,0.7749999999999999,22.5566848,0.7,4.2
-3.400000000000002,0.75,23.2858298,0.78,4.68
-3.400000000000002,0.725,24.2079796,0.86,5.16
-3.400000000000002,0.7,24.7991792,0.94,5.64
-3.400000000000002,0.6749999999999999,25.2726032,1.02,6.12
-3.400000000000002,0.6499999999999999,25.5798888,1.1,6.6
-3.400000000000002,0.625,25.979526,1.2,7.2
-3.400000000000002,0.6,26.267050400000002,1.29,7.74
-3.400000000000002,0.575,26.5328902,1.39,8.34
-3.400000000000002,0.5499999999999999,26.716443599999998,1.49,8.94
-3.400000000000002,0.5249999999999999,26.969576,1.59,9.54
-3.400000000000002,0.5,27.145185,1.7,10.2
-2.8000000000000007,1.5,-3.363135800000002,0.01,0.06
-2.8000000000000007,1.475,-10.991903999999998,0.01,0.06
-2.8000000000000007,1.45,-10.964436,0.01,0.06
-2.8000000000000007,1.425,-10.930034,0.01,0.06
-2.8000000000000007,1.4,-10.879130000000004,0.01,0.06
-2.8000000000000007,1.375,-10.823228,0.01,0.06
-2.8000000000000007,1.35,-10.710018000000002,0.01,0.06
-2.8000000000000007,1.325,-10.580016,0.01,0.06
-2.8000000000000007,1.3,-10.408577999999999,0.01,0.06
-2.8000000000000007,1.275,-10.240339999999996,0.01,0.06
-2.8000000000000007,1.25,-9.928426000000002,0.01,0.06
-2.8000000000000007,1.225,-9.609886,0.01,0.06
-2.8000000000000007,1.2,-9.217658,0.01,0.06
-2.8000000000000007,1.175,-8.842436,0.01,0.06
-2.8000000000000007,1.15,-8.154115999999998,0.02,0.12
-2.8000000000000007,1.125,-7.422084000000002,0.02,0.12
-2.8000000000000007,1.1,-6.438139999999997,0.02,0.12
-2.8000000000000007,1.075,-5.377958,0.03,0.18
-2.8000000000000007,1.05,-3.1134819999999976,0.04,0.24
-2.8000000000000007,1.025,-0.31876199999999955,0.06,0.36
-2.8000000000000007,1.0,3.282732000000003,0.09,0.54
-2.8000000000000007,0.975,6.082128000000001,0.12,0.72
-2.8000000000000007,0.95,9.7587386,0.17,1.02
-2.8000000000000007,0.9249999999999999,12.5008176,0.23,1.38
-2.8000000000000007,0.8999999999999999,14.9647814,0.3,1.8
-2.8000000000000007,0.875,16.6163206,0.37,2.22
-2.8000000000000007,0.85,18.40245218,0.45,2.7
-2.8000000000000007,0.825,20.22198862,0.53,3.18
-2.8000000000000007,0.7999999999999999,21.46917458,0.61,3.66
-2.8000000000000007,0.7749999999999999,22.3446946,0.7,4.2
-2.8000000000000007,0.75,23.4609256,0.78,4.68
-2.8000000000000007,0.725,24.21045,0.86,5.16
-2.8000000000000007,0.7,24.801483,0.94,5.64
-2.8000000000000007,0.6749999999999999,25.1842072,1.02,6.12
-2.8000000000000007,0.6499999999999999,25.656737800000002,1.1,6.6
-2.8000000000000007,0.625,25.9843054,1.2,7.2
-2.8000000000000007,0.6,26.2733528,1.29,7.74
-2.8000000000000007,0.575,26.4826474,1.39,8.34
-2.8000000000000007,0.5499999999999999,26.767857,1.49,8.94
-2.8000000000000007,0.5249999999999999,26.974461599999998,1.59,9.54
-2.8000000000000007,0.5,27.1502676,1.7,10.2
-2.1999999999999993,1.5,4.2686642,0.01,0.06
-2.1999999999999993,1.475,-10.993279999999999,0.01,0.06
-2.1999999999999993,1.45,-10.968376,0.01,0.06
-2.1999999999999993,1.425,-10.933637999999995,0.01,0.06
-2.1999999999999993,1.4,-10.894371999999997,0.01,0.06
-2.1999999999999993,1.375,-10.812662,0.01,0.06
-2.1999999999999993,1.35,-10.712866000000002,0.01,0.06
-2.1999999999999993,1.325,-10.582124,0.01,0.06
-2.1999999999999993,1.3,-10.445162,0.01,0.06
-2.1999999999999993,1.275,-10.195779999999996,0.01,0.06
-2.1999999999999993,1.25,-9.928078,0.01,0.06
-2.1999999999999993,1.225,-9.607848,0.01,0.06
-2.1999999999999993,1.2,-9.296054000000005,0.01,0.06
-2.1999999999999993,1.175,-8.739614,0.01,0.06
-2.1999999999999993,1.15,-8.145878000000003,0.02,0.12
-2.1999999999999993,1.125,-7.412830000000003,0.02,0.12
-2.1999999999999993,1.1,-6.632333999999997,0.02,0.12
-2.1999999999999993,1.075,-5.075500000000002,0.03,0.18
-2.1999999999999993,1.05,-3.094587999999998,0.04,0.24
-2.1999999999999993,1.025,-0.301204000000002,0.06,0.36
-2.1999999999999993,1.0,2.551954000000002,0.09,0.54
-2.1999999999999993,0.975,6.780598000000001,0.12,0.72
-2.1999999999999993,0.95,9.771623,0.17,1.02
-2.1999999999999993,0.9249999999999999,12.5122426,0.23,1.38
-2.1999999999999993,0.8999999999999999,14.497732599999999,0.3,1.8
-2.1999999999999993,0.875,17.0162136,0.37,2.22
-2.1999999999999993,0.85,18.74830928,0.45,2.7
-2.1999999999999993,0.825,20.2251717,0.53,3.18
-2.1999999999999993,0.7999999999999999,21.23374614,0.61,3.66
-2.1999999999999993,0.7749999999999999,22.561218,0.7,4.2
-2.1999999999999993,0.75,23.463312,0.78,4.68
-2.1999999999999993,0.725,24.2134672,0.86,5.16
-2.1999999999999993,0.7,24.690942200000002,0.94,5.64
-2.1999999999999993,0.6749999999999999,25.2796848,1.02,6.12
-2.1999999999999993,0.6499999999999999,25.6617066,1.1,6.6
-2.1999999999999993,0.625,25.990727800000002,1.2,7.2
-2.1999999999999993,0.6,26.2206322,1.29,7.74
-2.1999999999999993,0.575,26.5410926,1.39,8.34
-2.1999999999999993,0.5499999999999999,26.7724514,1.49,8.94
-2.1999999999999993,0.5249999999999999,26.9804512,1.59,9.54
-2.1999999999999993,0.5,27.11724,1.7,10.2
-1.6000000000000014,1.5,-3.372252800000002,0.01,0.06
-1.6000000000000014,1.475,-10.997539999999997,0.01,0.06
-1.6000000000000014,1.45,-10.972386,0.01,0.06
-1.6000000000000014,1.425,-10.945675999999999,0.01,0.06
-1.6000000000000014,1.4,-10.887525999999998,0.01,0.06
-1.6000000000000014,1.375,-10.815525999999998,0.01,0.06
-1.6000000000000014,1.35,-10.715331999999997,0.01,0.06
-1.6000000000000014,1.325,-10.610781999999993,0.01,0.06
-1.6000000000000014,1.3,-10.408992000000001,0.01,0.06
-1.6000000000000014,1.275,-10.194716,0.01,0.06
-1.6000000000000014,1.25,-9.924921999999999,0.01,0.06
-1.6000000000000014,1.225,-9.67033,0.01,0.06
-1.6000000000000014,1.2,-9.207909999999998,0.01,0.06
-1.6000000000000014,1.175,-8.732434000000001,0.01,0.06
-1.6000000000000014,1.15,-8.136332,0.02,0.12
-1.6000000000000014,1.125,-7.552638000000002,0.02,0.12
-1.6000000000000014,1.1,-6.409894000000001,0.02,0.12
-1.6000000000000014,1.075,-5.059067999999996,0.03,0.18
-1.6000000000000014,1.05,-3.0768040000000028,0.04,0.24
-1.6000000000000014,1.025,-0.8721520000000034,0.06,0.36
-1.6000000000000014,1.0,3.3325560000000003,0.09,0.54
-1.6000000000000014,0.975,6.7969919999999995,0.12,0.72
-1.6000000000000014,0.95,9.7880046,0.17,1.02
-1.6000000000000014,0.9249999999999999,11.986174,0.23,1.38
-1.6000000000000014,0.8999999999999999,14.9860196,0.3,1.8
-1.6000000000000014,0.875,17.0186982,0.37,2.22
-1.6000000000000014,0.85,18.7502036,0.45,2.7
-1.6000000000000014,0.825,19.94214076,0.53,3.18
-1.6000000000000014,0.7999999999999999,21.47792328,0.61,3.66
-1.6000000000000014,0.7749999999999999,22.5640484,0.7,4.2
-1.6000000000000014,0.75,23.4643406,0.78,4.68
-1.6000000000000014,0.725,24.068802599999998,0.86,5.16
-1.6000000000000014,0.7,24.805156,0.94,5.64
-1.6000000000000014,0.6749999999999999,25.2837482,1.02,6.12
-1.6000000000000014,0.6499999999999999,25.66914,1.1,6.6
-1.6000000000000014,0.625,25.9310354,1.2,7.2
-1.6000000000000014,0.6,26.2852338,1.29,7.74
-1.6000000000000014,0.575,26.5490952,1.39,8.34
-1.6000000000000014,0.5499999999999999,26.780726,1.49,8.94
-1.6000000000000014,0.5249999999999999,26.9432088,1.59,9.54
-1.6000000000000014,0.5,27.1578604,1.7,10.2
-1.0,1.5,-3.3750234,0.01,0.06
-1.0,1.475,-11.002536000000003,0.01,0.06
-1.0,1.45,-10.982132,0.01,0.06
-1.0,1.425,-10.943373999999999,0.01,0.06
-1.0,1.4,-10.890381999999999,0.01,0.06
-1.0,1.375,-10.819362000000002,0.01,0.06
-1.0,1.35,-10.738878,0.01,0.06
-1.0,1.325,-10.585158,0.01,0.06
-1.0,1.3,-10.410468000000002,0.01,0.06
-1.0,1.275,-10.194728000000005,0.01,0.06
-1.0,1.25,-9.980613999999996,0.01,0.06
-1.0,1.225,-9.60002,0.01,0.06
-1.0,1.2,-9.201744000000001,0.01,0.06
-1.0,1.175,-8.724306000000002,0.01,0.06
-1.0,1.15,-8.251764000000001,0.02,0.12
-1.0,1.125,-7.388659999999998,0.02,0.12
-1.0,1.1,-6.395987999999999,0.02,0.12
-1.0,1.075,-5.040712000000003,0.03,0.18
-1.0,1.05,-3.484154,0.04,0.24
-1.0,1.025,-0.2505159999999975,0.06,0.36
-1.0,1.0,3.3557900000000025,0.09,0.54
-1.0,0.975,6.8188320000000004,0.13,0.78
-1.0,0.95,9.227252799999999,0.17,1.02
-1.0,0.9249999999999999,12.0006572,0.23,1.38
-1.0,0.8999999999999999,14.9938572,0.3,1.8
-1.0,0.875,17.0243628,0.37,2.22
-1.0,0.85,18.422684,0.45,2.7
-1.0,0.825,20.23656688,0.53,3.18
-1.0,0.7999999999999999,21.4817487,0.61,3.66
-1.0,0.7749999999999999,22.5650164,0.7,4.2
-1.0,0.75,23.2925208,0.78,4.68
-1.0,0.725,24.2162196,0.86,5.16
-1.0,0.7,24.808895800000002,0.94,5.64
-1.0,0.6749999999999999,25.2889676,1.02,6.12
-1.0,0.6499999999999999,25.5976054,1.1,6.6
-1.0,0.625,25.9370506,1.19,7.14
-1.0,0.6,26.2899114,1.29,7.74
-1.0,0.575,26.5546886,1.39,8.34
-1.0,0.5499999999999999,26.7385886,1.49,8.94
-1.0,0.5249999999999999,26.989103800000002,1.6,9.6
-1.0,0.5,27.1616698,1.7,10.2
-0.40000000000000213,1.5,-3.3768705999999966,0.01,0.06
-0.40000000000000213,1.475,-11.011959999999998,0.01,0.06
-0.40000000000000213,1.45,-10.983999999999998,0.01,0.06
-0.40000000000000213,1.425,-10.948768000000001,0.01,0.06
-0.40000000000000213,1.4,-10.89658,0.01,0.06
-0.40000000000000213,1.375,-10.838905999999998,0.01,0.06
-0.40000000000000213,1.35,-10.721719999999998,0.01,0.06
-0.40000000000000213,1.325,-10.588418,0.01,0.06
-0.40000000000000213,1.3,-10.412388,0.01,0.06
-0.40000000000000213,1.275,-10.240582,0.01,0.06
-0.40000000000000213,1.25,-9.924582000000004,0.01,0.06
-0.40000000000000213,1.225,-9.600062000000001,0.01,0.06
-0.40000000000000213,1.2,-9.200322,0.01,0.06
-0.40000000000000213,1.175,-8.818844000000002,0.01,0.06
-0.40000000000000213,1.15,-8.119065999999997,0.02,0.12
-0.40000000000000213,1.125,-7.376462000000004,0.02,0.12
-0.40000000000000213,1.1,-6.383413999999998,0.02,0.12
-0.40000000000000213,1.075,-5.313650000000003,0.03,0.18
-0.40000000000000213,1.05,-3.041695999999998,0.04,0.24
-0.40000000000000213,1.025,-0.2426979999999972,0.06,0.36
-0.40000000000000213,1.0,3.3532200000000003,0.09,0.54
-0.40000000000000213,0.975,6.150404,0.13,0.78
-0.40000000000000213,0.95,9.813418200000001,0.18,1.08
-0.40000000000000213,0.9249999999999999,12.553335,0.24,1.44
-0.40000000000000213,0.8999999999999999,15.0050368,0.3,1.8
-0.40000000000000213,0.875,16.6426578,0.37,2.22
-0.40000000000000213,0.85,18.75857436,0.45,2.7
-0.40000000000000213,0.825,20.2325437,0.53,3.18
-0.40000000000000213,0.7999999999999999,21.47913104,0.61,3.66
-0.40000000000000213,0.7749999999999999,22.3500278,0.7,4.2
-0.40000000000000213,0.75,23.465099,0.78,4.68
-0.40000000000000213,0.725,24.2152864,0.86,5.16
-0.40000000000000213,0.7,24.8094686,0.94,5.64
-0.40000000000000213,0.6749999999999999,25.1946504,1.02,6.12
-0.40000000000000213,0.6499999999999999,25.6730654,1.11,6.66
-0.40000000000000213,0.625,26.005320400000002,1.2,7.2
-0.40000000000000213,0.6,26.2952062,1.29,7.74
-0.40000000000000213,0.575,26.5054046,1.39,8.34
-0.40000000000000213,0.5499999999999999,26.7879942,1.49,8.94
-0.40000000000000213,0.5249999999999999,26.9920966,1.6,9.6
-0.40000000000000213,0.5,27.1655314,1.7,10.2
0.1999999999999993,1.5,4.258686000000001,0.01,0.06
0.1999999999999993,1.475,-11.017378,0.01,0.06
0.1999999999999993,1.45,-10.992026,0.01,0.06
0.1999999999999993,1.425,-10.956886000000004,0.01,0.06
0.1999999999999993,1.4,-10.915181999999998,0.01,0.06
0.1999999999999993,1.375,-10.830054,0.01,0.06
0.1999999999999993,1.35,-10.727483999999997,0.01,0.06
0.1999999999999993,1.325,-10.593178000000002,0.01,0.06
0.1999999999999993,1.3,-10.454431999999997,0.01,0.06
0.1999999999999993,1.275,-10.199662,0.01,0.06
0.1999999999999993,1.25,-9.925609999999999,0.01,0.06
0.1999999999999993,1.225,-9.598835999999999,0.01,0.06
0.1999999999999993,1.2,-9.281208000000003,0.01,0.06
0.1999999999999993,1.175,-8.715253999999998,0.01,0.06
0.1999999999999993,1.15,-8.113443999999998,0.02,0.12
0.1999999999999993,1.125,-7.370322000000005,0.02,0.12
0.1999999999999993,1.1,-6.585072000000004,0.02,0.12
0.1999999999999993,1.075,-5.304141999999999,0.03,0.18
0.1999999999999993,1.05,-3.0257939999999977,0.04,0.24
0.1999999999999993,1.025,-0.22169400000000294,0.06,0.36
0.1999999999999993,1.0,2.6290919999999964,0.09,0.54
0.1999999999999993,0.975,6.848063999999999,0.13,0.78
0.1999999999999993,0.95,9.8229734,0.18,1.08
0.1999999999999993,0.9249999999999999,12.546073,0.24,1.44
0.1999999999999993,0.8999999999999999,14.521614,0.3,1.8
0.1999999999999993,0.875,17.0298306,0.37,2.22
0.1999999999999993,0.85,18.7580511,0.45,2.7
0.1999999999999993,0.825,20.234072779999998,0.53,3.18
0.1999999999999993,0.7999999999999999,21.238657840000002,0.61,3.66
0.1999999999999993,0.7749999999999999,22.5621712,0.7,4.2
0.1999999999999993,0.75,23.4626606,0.78,4.68
0.1999999999999993,0.725,24.2129414,0.86,5.16
0.1999999999999993,0.7,24.693793,0.94,5.64
0.1999999999999993,0.6749999999999999,25.2879858,1.02,6.12
0.1999999999999993,0.6499999999999999,25.6760706,1.1,6.6
0.1999999999999993,0.625,26.010429600000002,1.2,7.2
0.1999999999999993,0.6,26.2405102,1.29,7.74
0.1999999999999993,0.575,26.561119599999998,1.39,8.34
0.1999999999999993,0.5499999999999999,26.7905306,1.49,8.94
0.1999999999999993,0.5249999999999999,26.994893,1.59,9.54
0.1999999999999993,0.5,27.1304944,1.7,10.2
0.8000000000000007,1.5,-3.395816400000001,0.01,0.06
0.8000000000000007,1.475,-11.027899999999999,0.01,0.06
0.8000000000000007,1.45,-11.00338,0.01,0.06
0.8000000000000007,1.425,-10.975306,0.01,0.06
0.8000000000000007,1.4,-10.914573999999998,0.01,0.06
0.8000000000000007,1.375,-10.841124,0.01,0.06
0.8000000000000007,1.35,-10.738148000000002,0.01,0.06
0.8000000000000007,1.325,-10.631588,0.01,0.06
0.8000000000000007,1.3,-10.42727,0.01,0.06
0.8000000000000007,1.275,-10.207420000000003,0.01,0.06
0.8000000000000007,1.25,-9.934116,0.01,0.06
0.8000000000000007,1.225,-9.673284000000002,0.01,0.06
0.8000000000000007,1.2,-9.201801999999997,0.01,0.06
0.8000000000000007,1.175,-8.716792000000005,0.01,0.06
0.8000000000000007,1.15,-8.112858,0.02,0.12
0.8000000000000007,1.125,-7.5208239999999975,0.02,0.12
0.8000000000000007,1.1,-6.367234000000003,0.02,0.12
0.8000000000000007,1.075,-5.007843999999999,0.03,0.18
0.8000000000000007,1.05,-3.012374000000001,0.04,0.24
0.8000000000000007,1.025,-0.8072700000000026,0.06,0.36
0.8000000000000007,1.0,2.6340320000000013,0.09,0.54
0.8000000000000007,0.975,6.844288000000001,0.13,0.78
0.8000000000000007,0.95,9.819704,0.18,1.08
0.8000000000000007,0.9249999999999999,12.0099186,0.24,1.44
0.8000000000000007,0.8999999999999999,14.998655600000001,0.3,1.8
0.8000000000000007,0.875,17.0284906,0.37,2.22
0.8000000000000007,0.85,18.75626432,0.45,2.7
0.8000000000000007,0.825,19.9429182,0.53,3.18
0.8000000000000007,0.7999999999999999,21.47266844,0.61,3.66
0.8000000000000007,0.7749999999999999,22.5550654,0.7,4.2
0.8000000000000007,0.75,23.4559982,0.78,4.68
0.8000000000000007,0.725,24.0609812,0.86,5.16
0.8000000000000007,0.7,24.8018858,0.94,5.64
0.8000000000000007,0.6749999999999999,25.2855914,1.02,6.12
0.8000000000000007,0.6499999999999999,25.676274,1.1,6.6
0.8000000000000007,0.625,25.9429998,1.19,7.14
0.8000000000000007,0.6,26.2982736,1.29,7.74
0.8000000000000007,0.575,26.5613634,1.39,8.34
0.8000000000000007,0.5499999999999999,26.7912834,1.49,8.94
0.8000000000000007,0.5249999999999999,26.9521922,1.6,9.6
0.8000000000000007,0.5,27.1632408,1.7,10.2
1.3999999999999986,1.5,-3.4101718000000005,0.01,0.06
1.3999999999999986,1.475,-11.045886000000003,0.01,0.06
1.3999999999999986,1.45,-11.025610000000007,0.01,0.06
1.3999999999999986,1.425,-10.985568,0.01,0.06
1.3999999999999986,1.4,-10.932269999999999,0.01,0.06
1.3999999999999986,1.375,-10.859052000000002,0.01,0.06
1.3999999999999986,1.35,-10.777084000000002,0.01,0.06
1.3999999999999986,1.325,-10.620508000000001,0.01,0.06
1.3999999999999986,1.3,-10.443206000000004,0.01,0.06
1.3999999999999986,1.275,-10.223328000000002,0.01,0.06
1.3999999999999986,1.25,-10.004897999999997,0.01,0.06
1.3999999999999986,1.225,-9.618593999999995,0.01,0.06
1.3999999999999986,1.2,-9.21322,0.01,0.06
1.3999999999999986,1.175,-8.726503999999998,0.01,0.06
1.3999999999999986,1.15,-8.245423999999996,0.02,0.12
1.3999999999999986,1.125,-7.369242000000003,0.02,0.12
1.3999999999999986,1.1,-6.365460000000002,0.02,0.12
1.3999999999999986,1.075,-5.008780000000002,0.03,0.18
1.3999999999999986,1.05,-3.443504000000001,0.04,0.24
1.3999999999999986,1.025,-0.21717199999999792,0.06,0.36
1.3999999999999986,1.0,3.376004000000002,0.09,0.54
1.3999999999999986,0.975,6.830076,0.13,0.78
1.3999999999999986,0.95,9.238677800000001,0.18,1.08
1.3999999999999986,0.9249999999999999,12.5434248,0.24,1.44
1.3999999999999986,0.8999999999999999,14.9925876,0.3,1.8
1.3999999999999986,0.875,17.0191606,0.37,2.22
1.3999999999999986,0.85,18.41271142,0.45,2.7
1.3999999999999986,0.825,20.2250725,0.53,3.18
1.3999999999999986,0.7999999999999999,21.46379468,0.61,3.66
1.3999999999999986,0.7749999999999999,22.544586,0.69,4.14
1.3999999999999986,0.75,23.2709302,0.78,4.68
1.3999999999999986,0.725,24.196316799999998,0.86,5.16
1.3999999999999986,0.7,24.7926908,0.94,5.64
1.3999999999999986,0.6749999999999999,25.2776268,1.02,6.12
1.3999999999999986,0.6499999999999999,25.592739,1.1,6.6
1.3999999999999986,0.625,26.002799,1.19,7.14
1.3999999999999986,0.6,26.2939316,1.29,7.74
1.3999999999999986,0.575,26.558819800000002,1.39,8.34
1.3999999999999986,0.5499999999999999,26.7392452,1.49,8.94
1.3999999999999986,0.5249999999999999,26.9873056,1.59,9.54
1.3999999999999986,0.5,27.1571004,1.7,10.2
2.0,1.5,-3.4277517999999993,0.01,0.06
2.0,1.475,-11.071874000000001,0.01,0.06
2.0,1.45,-11.043536,0.01,0.06
2.0,1.425,-11.008656000000002,0.01,0.06
2.0,1.4,-10.956209999999999,0.01,0.06
2.0,1.375,-10.898464,0.01,0.06
2.0,1.35,-10.779345999999997,0.01,0.06
2.0,1.325,-10.644905999999999,0.01,0.06
2.0,1.3,-10.466293999999998,0.01,0.06
2.0,1.275,-10.292043999999997,0.01,0.06
2.0,1.25,-9.970024000000002,0.01,0.06
2.0,1.225,-9.639329999999994,0.01,0.06
2.0,1.2,-9.231916000000002,0.01,0.06
2.0,1.175,-8.843153999999998,0.02,0.12
2.0,1.15,-8.130328000000002,0.02,0.12
2.0,1.125,-7.379322000000002,0.02,0.12
2.0,1.1,-6.3762960000000035,0.02,0.12
2.0,1.075,-5.3055699999999995,0.03,0.18
2.0,1.05,-3.0363159999999993,0.04,0.24
2.0,1.025,-0.24176999999999893,0.06,0.36
2.0,1.0,3.3497400000000006,0.09,0.54
2.0,0.975,6.134224,0.13,0.78
2.0,0.95,9.797315399999999,0.17,1.02
2.0,0.9249999999999999,12.525047599999999,0.23,1.38
2.0,0.8999999999999999,14.9697922,0.3,1.8
2.0,0.875,16.611241800000002,0.37,2.22
2.0,0.85,18.72944632,0.45,2.7
2.0,0.825,20.20033194,0.53,3.18
2.0,0.7999999999999999,21.44232782,0.61,3.66
2.0,0.7749999999999999,22.3123284,0.69,4.14
2.0,0.75,23.4259996,0.77,4.62
2.0,0.725,24.1788668,0.86,5.16
2.0,0.7,24.778911,0.93,5.58
2.0,0.6749999999999999,25.1687358,1.02,6.12
2.0,0.6499999999999999,25.6558794,1.1,6.6
2.0,0.625,25.9934466,1.19,7.14
2.0,0.6,26.2857604,1.29,7.74
2.0,0.575,26.494885,1.39,8.34
2.0,0.5499999999999999,26.7759434,1.49,8.94
2.0,0.5249999999999999,26.9773454,1.59,9.54
2.0,0.5,27.1482848,1.7,10.2
2.599999999999998,1.5,4.1946286000000015,0.01,0.06
2.599999999999998,1.475,-11.100715999999998,0.01,0.06
2.599999999999998,1.45,-11.076342000000004,0.01,0.06
2.599999999999998,1.425,-11.041122000000001,0.01,0.06
2.599999999999998,1.4,-11.0,0.01,0.06
2.599999999999998,1.375,-10.915507999999999,0.01,0.06
2.599999999999998,1.35,-10.812594,0.01,0.06
2.599999999999998,1.325,-10.678397999999998,0.01,0.06
2.599999999999998,1.3,-10.537973999999998,0.01,0.06
2.599999999999998,1.275,-10.279876000000002,0.01,0.06
2.599999999999998,1.25,-10.001981999999998,0.01,0.06
2.599999999999998,1.225,-9.671122000000004,0.01,0.06
2.599999999999998,1.2,-9.345890000000004,0.01,0.06
2.599999999999998,1.175,-8.769551999999997,0.02,0.12
2.599999999999998,1.15,-8.157305999999998,0.02,0.12
2.599999999999998,1.125,-7.406514000000005,0.02,0.12
2.599999999999998,1.1,-6.615212000000003,0.02,0.12
2.599999999999998,1.075,-5.049038000000003,0.03,0.18
2.599999999999998,1.05,-3.072250000000004,0.04,0.24
2.599999999999998,1.025,-0.29872600000000205,0.06,0.36
2.599999999999998,1.0,2.5446980000000003,0.09,0.54
2.599999999999998,0.975,6.770251999999999,0.13,0.78
2.599999999999998,0.95,9.7543244,0.17,1.02
2.599999999999998,0.9249999999999999,12.476277999999999,0.23,1.38
2.599999999999998,0.8999999999999999,14.4485782,0.3,1.8
2.599999999999998,0.875,16.9589856,0.37,2.22
2.599999999999998,0.85,18.693269,0.45,2.7
2.599999999999998,0.825,20.16608922,0.53,3.18
2.599999999999998,0.7999999999999999,21.17095382,0.61,3.66
2.599999999999998,0.7749999999999999,22.4955164,0.69,4.14
2.599999999999998,0.75,23.3994568,0.77,4.62
2.599999999999998,0.725,24.151506400000002,0.85,5.1
2.599999999999998,0.7,24.635611,0.93,5.58
2.599999999999998,0.6749999999999999,25.2399764,1.01,6.06
2.599999999999998,0.6499999999999999,25.6367422,1.1,6.6
2.599999999999998,0.625,25.9763772,1.19,7.14
2.599999999999998,0.6,26.2092282,1.28,7.68
2.599999999999998,0.575,26.531416999999998,1.38,8.28
2.599999999999998,0.5499999999999999,26.7602668,1.48,8.88
2.599999999999998,0.5249999999999999,26.9664604,1.59,9.54
2.599999999999998,0.5,27.0963314,1.7,10.2
3.1999999999999993,1.5,-3.4997445999999997,0.01,0.06
3.1999999999999993,1.475,-11.143639999999998,0.01,0.06
3.1999999999999993,1.45,-11.120924000000002,0.01,0.06
3.1999999999999993,1.425,-11.093488,0.01,0.06
3.1999999999999993,1.4,-11.035521999999997,0.01,0.06
3.1999999999999993,1.375,-10.962773999999996,0.01,0.06
3.1999999999999993,1.35,-10.861063999999999,0.01,0.06
3.1999999999999993,1.325,-10.754840000000002,0.01,0.06
3.1999999999999993,1.3,-10.549115999999998,0.01,0.06
3.1999999999999993,1.275,-10.329225999999998,0.01,0.06
3.1999999999999993,1.25,-10.05178,0.01,0.06
3.1999999999999993,1.225,-9.78714,0.01,0.06
3.1999999999999993,1.2,-9.306353999999999,0.01,0.06
3.1999999999999993,1.175,-8.812903999999996,0.02,0.12
3.1999999999999993,1.15,-8.198342000000004,0.02,0.12
3.1999999999999993,1.125,-7.600562000000004,0.02,0.12
3.1999999999999993,1.1,-6.442769999999996,0.02,0.12
3.1999999999999993,1.075,-5.093926,0.03,0.18
3.1999999999999993,1.05,-3.1297059999999988,0.04,0.24
3.1999999999999993,1.025,-0.9498119999999979,0.06,0.36
3.1999999999999993,1.0,3.2165159999999986,0.09,0.54
3.1999999999999993,0.975,6.693232,0.12,0.72
3.1999999999999993,0.95,9.6781118,0.17,1.02
3.1999999999999993,0.9249999999999999,11.875456000000002,0.23,1.38
3.1999999999999993,0.8999999999999999,14.8775254,0.3,1.8
3.1999999999999993,0.875,16.910853,0.37,2.22
3.1999999999999993,0.85,18.6462008,0.45,2.7
3.1999999999999993,0.825,19.83807328,0.53,3.18
3.1999999999999993,0.7999999999999999,21.3711725,0.61,3.66
3.1999999999999993,0.7749999999999999,22.4562326,0.69,4.14
3.1999999999999993,0.75,23.3597922,0.77,4.62
3.1999999999999993,0.725,23.9658716,0.85,5.1
3.1999999999999993,0.7,24.7149606,0.93,5.58
3.1999999999999993,0.6749999999999999,25.2085678,1.01,6.06
3.1999999999999993,0.6499999999999999,25.6069122,1.1,6.6
3.1999999999999993,0.625,25.879226799999998,1.19,7.14
3.1999999999999993,0.6,26.2418626,1.28,7.68
3.1999999999999993,0.575,26.5066022,1.38,8.28
3.1999999999999993,0.5499999999999999,26.737802600000002,1.48,8.88
3.1999999999999993,0.5249999999999999,26.8971016,1.59,9.54
3.1999999999999993,0.5,27.1057038,1.7,10.2
3.799999999999997,1.5,-3.5913846000000014,0.01,0.06
3.799999999999997,1.475,-11.246164,0.01,0.06
3.799999999999997,1.45,-11.229009999999999,0.01,0.06
3.799999999999997,1.425,-11.191608000000002,0.01,0.06
3.799999999999997,1.4,-11.142737999999998,0.01,0.06
3.799999999999997,1.375,-11.072602,0.01,0.06
3.799999999999997,1.35,-10.992737999999996,0.01,0.06
3.799999999999997,1.325,-10.838505999999995,0.01,0.06
3.799999999999997,1.3,-10.662097999999997,0.01,0.06
3.799999999999997,1.275,-10.443494000000005,0.01,0.06
3.799999999999997,1.25,-10.222341999999998,0.01,0.06
3.799999999999997,1.225,-9.829398000000005,0.01,0.06
3.799999999999997,1.2,-9.413616000000001,0.01,0.06
3.799999999999997,1.175,-8.915776000000001,0.02,0.12
3.799999999999997,1.15,-8.426236,0.02,0.12
3.799999999999997,1.125,-7.539372000000004,0.02,0.12
3.799999999999997,1.1,-6.539037999999998,0.02,0.12
3.799999999999997,1.075,-5.201872000000002,0.03,0.18
3.799999999999997,1.05,-3.6773039999999995,0.04,0.24
3.799999999999997,1.025,-0.5349620000000002,0.06,0.36
3.799999999999997,1.0,3.013607999999998,0.08,0.48
3.799999999999997,0.975,6.504176000000001,0.12,0.72
3.799999999999997,0.95,8.939710000000002,0.17,1.02
3.799999999999997,0.9249999999999999,12.255652,0.23,1.38
3.799999999999997,0.8999999999999999,14.7302854,0.3,1.8
3.799999999999997,0.875,16.7828882,0.37,2.22
3.799999999999997,0.85,18.193844,0.44,2.64
3.799999999999997,0.825,20.0230449,0.52,3.12
3.799999999999997,0.7999999999999999,21.27436194,0.6,3.6
3.799999999999997,0.7749999999999999,22.3595408,0.68,4.08
3.799999999999997,0.75,23.0885852,0.76,4.56
3.799999999999997,0.725,24.0200564,0.84,5.04
3.799999999999997,0.7,24.6293668,0.92,5.52
3.799999999999997,0.6749999999999999,25.1283618,1.01,6.06
3.799999999999997,0.6499999999999999,25.4545632,1.09,6.54
3.799999999999997,0.625,25.8815818,1.18,7.08
3.799999999999997,0.6,26.181527000000003,1.27,7.62
3.799999999999997,0.575,26.450956599999998,1.37,8.22
3.799999999999997,0.5499999999999999,26.634995,1.48,8.88
3.799999999999997,0.5249999999999999,26.8824474,1.58,9.48
3.799999999999997,0.5,27.051045600000002,1.69,10.14
4.399999999999999,1.5,-3.7356054000000007,0.01,0.06
4.399999999999999,1.475,-11.416742,0.01,0.06
4.399999999999999,1.45,-11.39368,0.01,0.06
4.399999999999999,1.425,-11.363986,0.01,0.06
4.399999999999999,1.4,-11.316675999999994,0.01,0.06
4.399999999999999,1.375,-11.262246000000005,0.01,0.06
4.399999999999999,1.35,-11.150259999999996,0.01,0.06
4.399999999999999,1.325,-11.020690000000002,0.01,0.06
4.399999999999999,1.3,-10.845695999999997,0.01,0.06
4.399999999999999,1.275,-10.672636,0.01,0.06
4.399999999999999,1.25,-10.348238000000002,0.01,0.06
4.399999999999999,1.225,-10.010348,0.01,0.06
4.399999999999999,1.2,-9.678464000000002,0.01,0.06
4.399999999999999,1.175,-9.084522,0.02,0.12
4.399999999999999,1.15,-8.457467999999999,0.02,0.12
4.399999999999999,1.125,-7.696933999999999,0.02,0.12
4.399999999999999,1.1,-6.909965999999997,0.02,0.12
4.399999999999999,1.075,-5.374758,0.03,0.18
4.399999999999999,1.05,-3.4753800000000012,0.04,0.24
4.399999999999999,1.025,-0.8117100000000015,0.06,0.36
4.399999999999999,1.0,1.9635000000000034,0.08,0.48
4.399999999999999,0.975,6.229939999999999,0.12,0.72
4.399999999999999,0.95,9.270508000000001,0.17,1.02
4.399999999999999,0.9249999999999999,12.0200032,0.22,1.32
4.399999999999999,0.8999999999999999,14.0284602,0.29,1.74
4.399999999999999,0.875,16.597892,0.36,2.16
4.399999999999999,0.85,18.3641732,0.43,2.58
4.399999999999999,0.825,19.86038648,0.51,3.06
4.399999999999999,0.7999999999999999,20.87313412,0.59,3.54
4.399999999999999,0.7749999999999999,22.2029294,0.67,4.02
4.399999999999999,0.75,23.1062012,0.75,4.5
4.399999999999999,0.725,23.8699624,0.83,4.98
4.399999999999999,0.7,24.3694138,0.91,5.46
4.399999999999999,0.6749999999999999,25.0011258,0.99,5.94
4.399999999999999,0.6499999999999999,25.420516,1.08,6.48
4.399999999999999,0.625,25.7805502,1.17,7.02
4.399999999999999,0.6,26.0258296,1.26,7.56
4.399999999999999,0.575,26.358905800000002,1.36,8.16
4.399999999999999,0.5499999999999999,26.593358000000002,1.47,8.82
4.399999999999999,0.5249999999999999,26.7985216,1.58,9.48
4.399999999999999,0.5,26.9314466,1.69,10.14
5.0,1.5,-4.308947,0.01,0.06
5.0,1.475,-12.056212000000002,0.01,0.06
5.0,1.45,-12.041491999999998,0.01,0.06
5.0,1.425,-12.023747999999998,0.01,0.06
5.0,1.4,-11.97919,0.01,0.06
5.0,1.375,-11.920512000000002,0.01,0.06
5.0,1.35,-11.833338000000005,0.01,0.06
5.0,1.325,-11.738522,0.01,0.06
5.0,1.3,-11.550149999999995,0.01,0.06
5.0,1.275,-11.339649999999999,0.01,0.06
5.0,1.25,-11.063636000000002,0.01,0.06
5.0,1.225,-10.793597999999996,0.01,0.06
5.0,1.2,-10.288356,0.01,0.06
5.0,1.175,-9.762668000000001,0.02,0.12
5.0,1.15,-9.114140000000003,0.02,0.12
5.0,1.125,-8.497646000000003,0.02,0.12
5.0,1.1,-7.343551999999999,0.03,0.18
5.0,1.075,-6.065242000000001,0.03,0.18
5.0,1.05,-4.270733999999997,0.04,0.24
5.0,1.025,-2.310943999999999,0.05,0.3
5.0,1.0,1.5947540000000018,0.08,0.48
5.0,0.975,5.188247999999998,0.11,0.66
5.0,0.95,8.35643,0.15,0.9
5.0,0.9249999999999999,10.6129042,0.21,1.26
5.0,0.8999999999999999,13.2321816,0.27,1.62
5.0,0.875,15.8933464,0.34,2.04
5.0,0.85,17.7172948,0.41,2.46
5.0,0.825,18.9503077,0.48,2.88
5.0,0.7999999999999999,20.50889068,0.56,3.36
5.0,0.7749999999999999,21.59416346,0.64,3.84
5.0,0.75,22.5073098,0.71,4.26
5.0,0.725,23.1438532,0.79,4.74
5.0,0.7,23.9640036,0.87,5.22
5.0,0.6749999999999999,24.5300312,0.96,5.76
5.0,0.6499999999999999,25.0002082,1.05,6.3
5.0,0.625,25.3220362,1.14,6.84
5.0,0.6,25.738554999999998,1.23,7.38
5.0,0.575,26.0374872,1.34,8.04
5.0,0.5499999999999999,26.289026,1.44,8.64
5.0,0.5249999999999999,26.460492600000002,1.56,9.36
5.0,0.5,26.681339,1.67,10.02
